Building ID,Building Name,Building Type,Floors,Year Built,Condition
B1,Building_1,Residential,4.0,1998.0,Good
B2,Building_2,Government,7.0,2018.0,Fair
B3,Building_3,Residential,,1991.0,Good
B4,Building_4,Residential,7.0,1994.0,Good
B5,Building_5,Government,5.0,2010.0,nan
B6,Building_6,Residential,4.0,1993.0,Good
nan,Building_7,Commercial,,1990.0,Good
B8,Building_8,Government,7.0,,nan
B9,Building_9,Government,6.0,,Good
B10,Building_10,Commercial,8.0,2006.0,Fair
nan,nan,Residential,4.0,1990.0,nan
B12,Building_12,Government,5.0,2017.0,nan
B13,Building_13,Government,4.0,2013.0,Good
B14,Building_14,nan,1.0,2022.0,Good
nan,Building_15,Commercial,8.0,1998.0,Good
B16,Building_16,Residential,1.0,1985.0,Good
B17,nan,Government,5.0,2017.0,nan
B18,Building_18,Residential,6.0,2021.0,Fair
nan,Building_19,Residential,6.0,2007.0,Fair
B20,Building_20,Commercial,5.0,1980.0,Poor
B21,Building_21,Government,3.0,2014.0,Good
B22,Building_22,Government,5.0,2019.0,Good
B23,Building_23,Government,8.0,1987.0,Fair
nan,Building_24,Commercial,2.0,1986.0,Poor
B25,Building_25,nan,6.0,1990.0,Good
B26,Building_26,Commercial,9.0,2018.0,Fair
B27,Building_27,Commercial,8.0,1983.0,Good
B28,Building_28,Commercial,,2004.0,Good
B29,Building_29,Government,8.0,1991.0,Fair
B30,Building_30,Residential,7.0,2005.0,Fair
B31,Building_31,Government,8.0,2017.0,Good
B32,nan,Residential,6.0,,Good
B33,Building_33,Commercial,2.0,2022.0,Fair
B34,Building_34,Residential,2.0,2016.0,Good
B35,nan,Government,8.0,2003.0,Good
B36,Building_36,Government,1.0,1995.0,Fair
B37,Building_37,Residential,6.0,,Good
B38,Building_38,nan,6.0,2004.0,Good
nan,Building_39,nan,4.0,1983.0,Poor
B40,Building_40,nan,3.0,1990.0,Fair
B41,Building_41,Residential,,2011.0,Poor
B42,Building_42,Commercial,1.0,1986.0,Poor
B43,Building_43,Commercial,,1990.0,Poor
B44,Building_44,Government,4.0,,Good
B45,Building_45,Commercial,5.0,2020.0,Good
B46,Building_46,Residential,3.0,,Poor
B47,Building_47,Government,6.0,2002.0,Poor
B48,Building_48,Government,5.0,2007.0,Poor
B49,Building_49,Residential,3.0,2022.0,Good
B50,Building_50,Government,6.0,2005.0,Poor
B51,Building_51,Commercial,6.0,2004.0,Poor
B52,Building_52,Commercial,8.0,2008.0,Fair
B53,Building_53,Residential,2.0,,Fair
B54,Building_54,nan,1.0,,Good
B55,Building_55,Residential,4.0,,Fair
B56,Building_56,Residential,7.0,1993.0,Fair
B57,Building_57,Commercial,,1993.0,Fair
B58,Building_58,Residential,3.0,,nan
B59,Building_59,Commercial,5.0,2009.0,Fair
B60,Building_60,Government,,,Good
B61,nan,Government,3.0,1996.0,Poor
B62,Building_62,Residential,9.0,1982.0,Fair
B63,Building_63,Commercial,4.0,1995.0,Good
B64,Building_64,Commercial,3.0,,Fair
B65,Building_65,Government,2.0,2008.0,Poor
B66,Building_66,Government,9.0,1994.0,Good
B67,nan,Commercial,,2004.0,Good
B68,Building_68,Residential,,2017.0,Good
B69,Building_69,Government,7.0,2021.0,Poor
B70,nan,Residential,8.0,2017.0,Poor
B71,Building_71,Residential,2.0,2002.0,Poor
B72,Building_72,nan,7.0,2004.0,Good
B73,Building_73,Residential,5.0,2021.0,Poor
B74,Building_74,Residential,5.0,1986.0,Fair
B75,Building_75,Commercial,3.0,2001.0,Poor
B76,Building_76,Residential,,1996.0,Good
B77,Building_77,nan,2.0,1997.0,Fair
B78,Building_78,Government,4.0,,Poor
B79,Building_79,Government,6.0,1989.0,Fair
B80,nan,Commercial,1.0,1989.0,nan
B81,Building_81,Government,4.0,1986.0,Good
B82,Building_82,Residential,6.0,2017.0,Fair
B83,Building_83,Residential,9.0,2006.0,Fair
B84,Building_84,Residential,2.0,2012.0,Good
nan,Building_85,nan,7.0,1980.0,Good
B86,Building_86,Residential,6.0,2013.0,Good
B87,Building_87,Government,2.0,1983.0,Fair
B88,nan,Residential,,1996.0,Fair
nan,Building_89,nan,7.0,,Fair
B90,Building_90,Government,5.0,2022.0,Good
B91,Building_91,nan,5.0,2005.0,Poor
B92,Building_92,Residential,7.0,1983.0,Fair
B93,nan,Government,9.0,1980.0,Poor
B94,Building_94,nan,9.0,1986.0,Good
B95,Building_95,Commercial,9.0,2009.0,Fair
B96,Building_96,Commercial,6.0,1988.0,Poor
nan,Building_97,Residential,6.0,2014.0,Fair
nan,Building_98,nan,3.0,,Fair
nan,Building_99,nan,,2003.0,Fair
B100,Building_100,Residential,7.0,1998.0,Poor
B101,Building_101,Residential,,,nan
B102,Building_102,Government,1.0,,Fair
B103,Building_103,Commercial,8.0,2006.0,Good
B104,Building_104,Residential,6.0,2011.0,Good
B105,Building_105,Commercial,6.0,1993.0,Poor
B106,Building_106,Residential,2.0,1997.0,Poor
B107,Building_107,Commercial,1.0,2007.0,Good
B108,Building_108,nan,2.0,2008.0,Fair
B109,Building_109,Residential,4.0,1995.0,Poor
B110,Building_110,Government,2.0,2014.0,Fair
nan,Building_111,Commercial,1.0,2010.0,Fair
B112,Building_112,Government,7.0,,Fair
B113,Building_113,Government,8.0,2016.0,Good
B114,Building_114,Residential,6.0,1996.0,Fair
B115,Building_115,Residential,4.0,2018.0,Good
B116,Building_116,Residential,6.0,2005.0,Good
B117,Building_117,Commercial,3.0,2018.0,Fair
B118,Building_118,Residential,8.0,,Fair
B119,Building_119,Residential,,1983.0,Fair
B120,Building_120,Commercial,5.0,2009.0,Fair
B121,Building_121,Commercial,1.0,2009.0,Good
B122,Building_122,Residential,6.0,2001.0,Fair
B123,Building_123,Residential,,1990.0,Fair
B124,Building_124,nan,4.0,1981.0,Good
B125,Building_125,Residential,6.0,1991.0,Poor
B126,Building_126,Government,,2009.0,nan
B127,nan,Government,8.0,2015.0,Good
B128,nan,Residential,,1997.0,Poor
B129,nan,Government,4.0,2005.0,Good
B130,Building_130,Commercial,,1986.0,Fair
B131,Building_131,Government,8.0,1980.0,Fair
B132,Building_132,Government,1.0,2005.0,nan
B133,Building_133,nan,4.0,2002.0,Fair
B134,Building_134,Government,4.0,2005.0,Poor
B135,Building_135,Government,,1985.0,Poor
nan,Building_136,nan,7.0,1985.0,Fair
B137,Building_137,Government,8.0,1987.0,Fair
B138,Building_138,Commercial,5.0,2003.0,Poor
nan,Building_139,Residential,7.0,2001.0,Fair
B140,Building_140,Residential,,1998.0,Good
B141,Building_141,Commercial,,,nan
B142,Building_142,Government,3.0,,Fair
nan,Building_143,Commercial,3.0,2010.0,Good
B144,Building_144,Government,4.0,,Fair
nan,Building_145,Commercial,5.0,2009.0,Fair
B146,Building_146,Residential,1.0,2021.0,Poor
B147,Building_147,Residential,7.0,2012.0,Fair
nan,Building_148,Residential,9.0,1989.0,Fair
B149,Building_149,Government,8.0,2016.0,Good
B150,Building_150,Government,5.0,1991.0,Poor
nan,Building_151,Commercial,4.0,2009.0,Poor
B152,Building_152,Commercial,7.0,2006.0,Poor
B153,Building_153,Residential,5.0,2018.0,Fair
B154,Building_154,Government,7.0,1988.0,nan
B155,Building_155,Commercial,1.0,2000.0,Good
B156,Building_156,Government,1.0,1991.0,Poor
B157,Building_157,Government,3.0,2008.0,Good
nan,Building_158,Residential,,2012.0,nan
B159,Building_159,Residential,2.0,2022.0,Poor
B160,Building_160,Government,7.0,1994.0,Good
B161,Building_161,Government,2.0,1981.0,Poor
nan,Building_162,Government,4.0,2018.0,Poor
B163,Building_163,nan,2.0,1997.0,Poor
B164,Building_164,Residential,6.0,1982.0,Fair
B165,Building_165,Commercial,,1986.0,Good
B166,Building_166,Residential,4.0,,Poor
B167,Building_167,Commercial,5.0,1997.0,Good
B168,Building_168,nan,4.0,2017.0,nan
B169,Building_169,Commercial,3.0,2016.0,Good
B170,Building_170,Residential,5.0,,Poor
B171,Building_171,Residential,9.0,2010.0,Poor
B172,Building_172,Government,8.0,,Good
B173,Building_173,Residential,8.0,1983.0,Fair
B174,nan,Government,8.0,,Good
B175,Building_175,Residential,8.0,1983.0,nan
B176,Building_176,Residential,,2013.0,Good
B177,Building_177,Government,,2008.0,Good
B178,nan,Commercial,8.0,2003.0,Good
B179,Building_179,Residential,,2001.0,Poor
B180,Building_180,Commercial,7.0,1981.0,Fair
B181,Building_181,Residential,1.0,1985.0,Fair
B182,Building_182,Residential,4.0,2021.0,Good
B183,Building_183,Residential,4.0,2004.0,Poor
nan,Building_184,Residential,5.0,2000.0,Poor
B185,Building_185,Commercial,6.0,1995.0,Fair
B186,Building_186,Commercial,4.0,2010.0,Poor
B187,Building_187,Residential,2.0,1993.0,Fair
B188,Building_188,Residential,6.0,2018.0,nan
B189,Building_189,Commercial,8.0,2007.0,nan
nan,nan,Government,8.0,2011.0,Poor
B191,Building_191,Government,7.0,2007.0,Fair
B192,nan,Commercial,6.0,1988.0,Fair
B193,Building_193,Residential,2.0,,nan
B194,Building_194,Residential,7.0,2011.0,Fair
B195,Building_195,Government,5.0,1984.0,Fair
B196,nan,nan,6.0,2002.0,Good
B197,Building_197,Commercial,8.0,1984.0,Good
nan,Building_198,Government,8.0,2021.0,Poor
B199,nan,Commercial,3.0,2011.0,Fair
nan,Building_200,Government,7.0,1989.0,Poor
B201,Building_201,Government,1.0,2018.0,Poor
B202,Building_202,Government,1.0,1994.0,Good
nan,nan,Residential,7.0,1986.0,Poor
B204,Building_204,Residential,9.0,2008.0,Fair
B205,Building_205,nan,7.0,1982.0,Good
B206,Building_206,Government,,1998.0,Fair
B207,Building_207,Commercial,8.0,1989.0,Fair
B208,Building_208,Commercial,2.0,,Good
B209,nan,Commercial,9.0,2008.0,nan
B210,Building_210,Commercial,6.0,1994.0,Good
B211,Building_211,Residential,9.0,2014.0,Fair
B212,Building_212,Residential,2.0,1985.0,Good
B213,Building_213,Government,3.0,1991.0,nan
B214,Building_214,Government,,,nan
B215,Building_215,Commercial,1.0,1992.0,Good
B216,Building_216,Residential,7.0,2008.0,Fair
B217,Building_217,Commercial,7.0,1998.0,Fair
B218,nan,Government,,1982.0,Fair
nan,Building_219,Government,9.0,1987.0,Good
B220,Building_220,Commercial,8.0,1987.0,Poor
B221,Building_221,Government,4.0,1999.0,Poor
B222,Building_222,Commercial,5.0,1983.0,nan
B223,nan,Residential,2.0,2000.0,Good
B224,Building_224,Commercial,9.0,1982.0,Poor
B225,Building_225,Residential,6.0,1987.0,nan
B226,Building_226,Residential,3.0,2002.0,Fair
B227,Building_227,Government,7.0,1995.0,Fair
B228,Building_228,Government,9.0,1992.0,Poor
B229,Building_229,nan,3.0,1982.0,nan
B230,Building_230,Commercial,2.0,1988.0,Fair
B231,Building_231,Commercial,7.0,1993.0,Good
B232,Building_232,Government,7.0,1992.0,Good
B233,Building_233,Commercial,4.0,1986.0,nan
B234,Building_234,Government,9.0,1994.0,Good
B235,Building_235,Commercial,8.0,1986.0,Fair
B236,Building_236,Residential,1.0,2017.0,Fair
B237,Building_237,Residential,1.0,2013.0,nan
B238,Building_238,nan,5.0,2020.0,Good
B239,Building_239,Commercial,6.0,2001.0,Fair
nan,Building_240,Commercial,,2003.0,Good
B241,Building_241,Residential,9.0,2016.0,Fair
B242,Building_242,Residential,6.0,1980.0,Fair
B243,nan,Government,4.0,1989.0,Poor
nan,Building_244,Residential,7.0,2022.0,Poor
B245,Building_245,Government,8.0,1995.0,Poor
B246,Building_246,Residential,9.0,1987.0,Good
B247,Building_247,Residential,6.0,2004.0,Good
B248,nan,Commercial,6.0,1991.0,nan
B249,Building_249,Residential,8.0,2004.0,Fair
B250,Building_250,Residential,5.0,,Fair
nan,Building_251,Government,3.0,2005.0,Fair
B252,Building_252,Residential,3.0,1993.0,Good
B253,Building_253,Government,6.0,2020.0,Fair
B254,Building_254,Residential,2.0,2015.0,Fair
B255,Building_255,nan,6.0,2002.0,nan
B256,Building_256,Government,6.0,2022.0,nan
B257,Building_257,nan,8.0,1985.0,Fair
nan,Building_258,Government,7.0,1984.0,nan
B259,Building_259,Government,8.0,2022.0,Good
nan,Building_260,Government,9.0,2004.0,Poor
B261,Building_261,Commercial,6.0,1997.0,Fair
B262,Building_262,nan,3.0,1992.0,Fair
B263,Building_263,Government,3.0,2022.0,Poor
B264,Building_264,Government,1.0,1993.0,Fair
B265,Building_265,Commercial,5.0,,Good
B266,nan,Government,4.0,,nan
B267,Building_267,nan,9.0,2007.0,Good
B268,Building_268,Commercial,,2006.0,Good
B269,Building_269,nan,5.0,2011.0,Fair
nan,Building_270,Residential,4.0,1988.0,Poor
B271,Building_271,Commercial,7.0,,Good
B272,Building_272,Government,6.0,2011.0,Poor
B273,nan,Residential,4.0,1999.0,Fair
B274,Building_274,nan,,2007.0,Good
B275,nan,Residential,1.0,2012.0,Fair
B276,Building_276,Residential,4.0,1983.0,nan
B277,Building_277,Commercial,4.0,2013.0,Fair
B278,Building_278,Commercial,1.0,1982.0,Fair
B279,Building_279,nan,6.0,2005.0,Good
B280,Building_280,Government,,1987.0,Fair
B281,Building_281,Residential,1.0,1985.0,nan
B282,Building_282,Government,1.0,,Fair
B283,Building_283,nan,1.0,2003.0,Good
B284,Building_284,Government,8.0,,Poor
B285,Building_285,Residential,8.0,2009.0,Poor
B286,Building_286,Government,2.0,1992.0,Fair
B287,Building_287,Residential,7.0,1984.0,Good
B288,Building_288,Residential,8.0,2004.0,Fair
B289,Building_289,Government,8.0,1999.0,Poor
B290,Building_290,Commercial,7.0,1997.0,Good
B291,Building_291,Government,5.0,,Poor
B292,nan,Commercial,1.0,1981.0,Poor
nan,Building_293,Residential,9.0,1989.0,Good
B294,Building_294,Government,7.0,1991.0,Good
B295,Building_295,Government,2.0,1992.0,Fair
B296,Building_296,Government,6.0,1990.0,Fair
nan,Building_297,Commercial,2.0,,nan
B298,Building_298,Commercial,1.0,2014.0,Good
B299,Building_299,Residential,7.0,2018.0,Good
B300,Building_300,Commercial,2.0,2005.0,Fair
B301,Building_301,Commercial,2.0,1993.0,Poor
B302,Building_302,Residential,5.0,2003.0,Poor
B303,Building_303,Government,5.0,2020.0,Fair
B304,nan,Government,,1980.0,Good
B305,Building_305,nan,1.0,2022.0,Fair
B306,Building_306,Government,,2001.0,Fair
B307,Building_307,Commercial,3.0,2002.0,Fair
B308,Building_308,Residential,4.0,1998.0,Fair
B309,Building_309,Residential,9.0,1997.0,Good
B310,Building_310,Residential,4.0,1991.0,Fair
B311,Building_311,Government,5.0,2007.0,Good
B312,Building_312,Residential,7.0,2007.0,Fair
B313,Building_313,Residential,4.0,2012.0,Poor
B314,Building_314,Residential,1.0,1998.0,Good
B315,nan,Government,9.0,2007.0,Poor
B316,Building_316,Commercial,4.0,2016.0,Fair
nan,Building_317,nan,9.0,,Fair
B318,Building_318,Commercial,,2014.0,Fair
B319,Building_319,nan,1.0,2013.0,Good
B320,Building_320,Government,3.0,2014.0,Poor
B321,Building_321,Government,2.0,2019.0,nan
B322,Building_322,Government,,1995.0,Good
B323,Building_323,Commercial,1.0,,nan
B324,Building_324,Residential,9.0,1992.0,Poor
B325,Building_325,Government,9.0,2002.0,Fair
B326,Building_326,Government,8.0,2001.0,Good
B327,nan,Commercial,8.0,1995.0,Fair
B328,Building_328,Commercial,1.0,2007.0,Poor
B329,Building_329,Government,8.0,2014.0,Fair
B330,nan,Residential,3.0,1987.0,Poor
B331,Building_331,Residential,7.0,2001.0,Poor
B332,Building_332,Government,1.0,2000.0,Fair
B333,Building_333,Commercial,1.0,2005.0,Good
B334,Building_334,Government,5.0,2019.0,Fair
B335,Building_335,Government,5.0,2000.0,Good
B336,Building_336,Commercial,8.0,2004.0,Good
B337,Building_337,Government,7.0,2020.0,Fair
B338,Building_338,Government,8.0,1980.0,nan
B339,Building_339,Government,6.0,1985.0,Good
nan,Building_340,Commercial,6.0,2002.0,Fair
B341,Building_341,Residential,2.0,2002.0,Fair
B342,Building_342,Residential,6.0,2022.0,Fair
B343,Building_343,Commercial,5.0,2022.0,Good
B344,Building_344,Residential,3.0,2002.0,Poor
B345,nan,nan,,2011.0,Good
B346,Building_346,Residential,8.0,2009.0,Poor
B347,nan,Government,,1992.0,Fair
B348,Building_348,Residential,1.0,2022.0,Poor
B349,Building_349,Commercial,3.0,1997.0,Fair
B350,Building_350,Residential,3.0,2002.0,Fair
nan,Building_351,nan,8.0,1994.0,Poor
B352,Building_352,Residential,1.0,2012.0,nan
B353,Building_353,Commercial,5.0,2000.0,Poor
B354,Building_354,Residential,3.0,2018.0,nan
B355,Building_355,Commercial,2.0,2002.0,Good
B356,Building_356,Government,8.0,2006.0,Good
B357,Building_357,Residential,,1997.0,Fair
B358,Building_358,nan,7.0,,Fair
B359,Building_359,Commercial,1.0,,nan
B360,Building_360,Residential,6.0,2021.0,Good
B361,Building_361,Government,3.0,1986.0,Poor
B362,Building_362,Commercial,8.0,1999.0,Fair
B363,Building_363,Residential,6.0,2006.0,Fair
nan,Building_364,Government,2.0,,Poor
B365,nan,nan,6.0,2006.0,Fair
B366,Building_366,Commercial,,1988.0,Good
B367,Building_367,Government,5.0,2010.0,Poor
B368,Building_368,Government,3.0,2000.0,Good
B369,Building_369,Residential,4.0,2005.0,Good
B370,nan,Residential,4.0,2019.0,nan
B371,Building_371,Commercial,6.0,1992.0,Poor
B372,Building_372,Government,1.0,2002.0,Fair
B373,Building_373,Government,4.0,1999.0,Good
B374,Building_374,Government,4.0,2016.0,Good
B375,Building_375,Commercial,1.0,2007.0,Good
B376,Building_376,Government,,1996.0,Fair
B377,Building_377,Government,4.0,2007.0,nan
B378,Building_378,Commercial,7.0,2020.0,Poor
B379,Building_379,Residential,3.0,1981.0,Fair
B380,nan,Residential,3.0,2004.0,Poor
B381,Building_381,Commercial,8.0,2020.0,Poor
B382,Building_382,Government,8.0,1985.0,Poor
B383,Building_383,nan,1.0,1990.0,Poor
B384,Building_384,Residential,2.0,2017.0,nan
B385,Building_385,Residential,8.0,1985.0,Good
B386,Building_386,Commercial,1.0,1990.0,Fair
B387,Building_387,Commercial,8.0,1993.0,Good
B388,nan,Residential,8.0,1981.0,Poor
B389,Building_389,Commercial,2.0,2019.0,Fair
B390,Building_390,Residential,4.0,1982.0,Good
B391,Building_391,Commercial,6.0,2014.0,Good
B392,Building_392,Commercial,9.0,2012.0,Poor
B393,Building_393,Commercial,8.0,2003.0,nan
B394,Building_394,Residential,8.0,1998.0,Good
B395,Building_395,nan,7.0,1997.0,Good
B396,Building_396,Residential,9.0,2003.0,Good
B397,Building_397,Residential,2.0,2014.0,Good
B398,Building_398,Commercial,3.0,1980.0,Poor
B399,Building_399,Commercial,8.0,2015.0,Poor
B400,Building_400,nan,6.0,2004.0,Good
nan,Building_401,Residential,9.0,,Poor
B402,Building_402,Government,4.0,2013.0,Poor
B403,nan,Residential,8.0,2004.0,Fair
B404,Building_404,nan,3.0,1995.0,Good
B405,Building_405,Government,3.0,2013.0,Poor
nan,Building_406,Government,8.0,2008.0,Poor
B407,Building_407,Commercial,5.0,1998.0,nan
B408,Building_408,nan,3.0,2002.0,Fair
B409,Building_409,Residential,1.0,1998.0,Good
B410,Building_410,Government,3.0,2004.0,Fair
B411,nan,Commercial,9.0,1995.0,Good
B412,Building_412,Commercial,,1988.0,Good
B413,Building_413,Commercial,2.0,1980.0,Good
B414,Building_414,Commercial,7.0,2021.0,Good
B415,Building_415,Commercial,2.0,1998.0,Fair
B416,Building_416,Government,4.0,2012.0,Fair
B417,Building_417,Government,7.0,2013.0,Poor
B418,Building_418,Government,,1995.0,nan
B419,Building_419,Government,7.0,2019.0,Fair
B420,Building_420,Residential,7.0,,Fair
B421,nan,Government,1.0,2013.0,Fair
B422,Building_422,Commercial,6.0,2004.0,Good
nan,Building_423,Government,9.0,1985.0,nan
B424,Building_424,Residential,2.0,2000.0,Fair
B425,Building_425,Commercial,3.0,1985.0,Good
B426,nan,Government,5.0,2011.0,Fair
B427,nan,Government,9.0,2020.0,Fair
B428,Building_428,Government,4.0,2022.0,Poor
B429,Building_429,Commercial,1.0,2018.0,nan
B430,Building_430,Commercial,4.0,2010.0,Fair
B431,Building_431,Residential,6.0,2021.0,nan
B432,Building_432,Commercial,5.0,1989.0,Good
B433,Building_433,Commercial,1.0,2009.0,Poor
B434,Building_434,Government,4.0,1997.0,Good
nan,Building_435,Commercial,6.0,2003.0,Good
nan,Building_436,Government,4.0,1988.0,Poor
B437,Building_437,Government,,2010.0,Fair
B438,Building_438,Commercial,5.0,1994.0,Poor
B439,Building_439,Residential,8.0,1983.0,Good
B440,Building_440,Residential,9.0,2019.0,Poor
B441,Building_441,Commercial,5.0,1988.0,Fair
B442,Building_442,Residential,6.0,1988.0,Poor
B443,Building_443,Government,1.0,2005.0,Good
B444,Building_444,Government,7.0,1983.0,Good
B445,nan,Commercial,4.0,1996.0,Poor
B446,Building_446,Residential,2.0,1995.0,nan
B447,Building_447,Residential,5.0,1994.0,Poor
B448,nan,nan,3.0,2014.0,Fair
B449,Building_449,Commercial,6.0,1984.0,Fair
B450,Building_450,Residential,8.0,1984.0,Poor
B451,Building_451,Commercial,7.0,1999.0,Fair
B452,Building_452,Residential,3.0,1994.0,Good
B453,Building_453,Government,8.0,1997.0,Poor
B454,Building_454,Government,2.0,1981.0,nan
B455,Building_455,Commercial,9.0,2008.0,Good
B456,Building_456,Government,4.0,1992.0,nan
B457,Building_457,Residential,1.0,1983.0,Good
B458,Building_458,Government,8.0,2021.0,Good
B459,Building_459,Commercial,7.0,1989.0,Good
B460,Building_460,Commercial,5.0,2010.0,Fair
B461,Building_461,nan,5.0,2020.0,nan
B462,Building_462,Residential,7.0,1987.0,nan
B463,Building_463,Residential,5.0,1982.0,Fair
B464,Building_464,Residential,8.0,1988.0,Poor
B465,Building_465,Residential,6.0,2009.0,Good
B466,Building_466,Residential,,1990.0,Poor
B467,Building_467,Government,,2014.0,Fair
B468,Building_468,Residential,2.0,2016.0,Good
B469,Building_469,nan,1.0,2021.0,Fair
B470,Building_470,Government,8.0,1992.0,Good
B471,Building_471,nan,3.0,2015.0,Good
B472,Building_472,Commercial,7.0,,Poor
B473,nan,nan,8.0,1991.0,Good
B474,Building_474,Residential,6.0,2016.0,Fair
B475,Building_475,nan,9.0,1989.0,Poor
B476,Building_476,Commercial,7.0,1988.0,Fair
B477,Building_477,Commercial,5.0,1986.0,Good
B478,Building_478,Commercial,8.0,1981.0,Fair
B479,Building_479,Residential,2.0,2002.0,Fair
B480,Building_480,Commercial,7.0,2018.0,Good
B481,Building_481,Commercial,4.0,2019.0,Poor
B482,Building_482,Government,,2018.0,Fair
B483,Building_483,Commercial,1.0,2000.0,Good
B484,Building_484,Commercial,7.0,2002.0,Poor
B485,Building_485,Government,6.0,2008.0,Poor
B486,Building_486,Government,8.0,1993.0,Poor
B487,nan,Residential,5.0,2005.0,Fair
B488,Building_488,Government,1.0,,nan
B489,Building_489,Residential,1.0,2010.0,Fair
B490,Building_490,Government,9.0,2004.0,Poor
nan,Building_491,Government,6.0,2010.0,Fair
B492,Building_492,nan,5.0,1999.0,Good
B493,Building_493,Government,1.0,1996.0,Fair
B494,Building_494,Residential,6.0,1981.0,Fair
B495,Building_495,Government,6.0,,Poor
B496,nan,Commercial,3.0,1992.0,Fair
B497,Building_497,Government,8.0,,nan
B498,Building_498,Residential,1.0,2007.0,Poor
B499,Building_499,Government,1.0,2021.0,Good
B500,nan,nan,6.0,1985.0,nan
B501,Building_501,Residential,1.0,1982.0,Poor
B502,Building_502,Commercial,6.0,,Fair
B503,Building_503,Commercial,1.0,,Good
B504,Building_504,Residential,6.0,1990.0,Poor
B505,Building_505,Government,3.0,1999.0,Fair
B506,Building_506,Residential,8.0,1984.0,nan
nan,Building_507,Residential,6.0,,Poor
B508,Building_508,Government,1.0,2001.0,Poor
B509,Building_509,Government,5.0,1998.0,Poor
B510,nan,Government,8.0,1995.0,nan
B511,Building_511,Government,3.0,2003.0,Poor
B512,nan,Residential,,2020.0,Fair
nan,Building_513,Residential,5.0,1983.0,Poor
nan,Building_514,Commercial,6.0,1994.0,Good
B515,Building_515,Residential,,2004.0,Fair
B516,Building_516,Government,7.0,2014.0,Good
B517,Building_517,Commercial,,1993.0,Poor
B518,Building_518,nan,2.0,1998.0,Good
B519,Building_519,Residential,5.0,2017.0,Poor
B520,Building_520,Commercial,4.0,2015.0,Poor
B521,Building_521,Government,6.0,1986.0,Fair
B522,nan,Commercial,6.0,2009.0,Fair
B523,nan,Commercial,,1998.0,Poor
B524,Building_524,Residential,2.0,2004.0,Fair
B525,Building_525,Government,4.0,1995.0,Good
B526,Building_526,Commercial,1.0,2019.0,Fair
B527,Building_527,Commercial,9.0,1987.0,Fair
B528,nan,Government,7.0,1997.0,Good
B529,Building_529,Commercial,7.0,2007.0,Fair
B530,Building_530,Commercial,3.0,1995.0,Poor
B531,Building_531,Commercial,3.0,1998.0,Good
B532,Building_532,Government,1.0,2021.0,Poor
nan,Building_533,nan,3.0,1996.0,Good
B534,Building_534,Government,3.0,1992.0,Poor
B535,Building_535,Government,4.0,1986.0,Poor
B536,Building_536,Residential,4.0,2006.0,Fair
B537,Building_537,Commercial,,1989.0,Poor
B538,Building_538,Government,8.0,2013.0,Fair
B539,Building_539,Commercial,8.0,2015.0,Good
nan,Building_540,Commercial,1.0,2004.0,Poor
B541,Building_541,Residential,7.0,1985.0,Poor
B542,Building_542,Government,2.0,2003.0,Good
B543,Building_543,Government,,1997.0,Good
B544,Building_544,Commercial,3.0,2002.0,Poor
B545,Building_545,Government,4.0,1985.0,Good
B546,Building_546,Commercial,,2008.0,Fair
nan,Building_547,Commercial,5.0,2004.0,Good
B548,Building_548,Residential,4.0,1996.0,Good
B549,Building_549,Residential,8.0,2003.0,Poor
B550,Building_550,Residential,4.0,1990.0,Fair
B551,Building_551,Commercial,2.0,2005.0,Good
B552,Building_552,Government,3.0,2013.0,Fair
B553,nan,Residential,6.0,2007.0,Fair
nan,Building_554,Government,8.0,1982.0,Fair
B555,Building_555,Residential,8.0,1990.0,nan
B556,Building_556,nan,9.0,2017.0,Good
B557,Building_557,Commercial,7.0,,Poor
B558,Building_558,Residential,2.0,2005.0,Good
B559,Building_559,nan,8.0,2000.0,nan
B560,Building_560,Commercial,7.0,2018.0,Poor
B561,Building_561,Government,8.0,2009.0,Fair
B562,Building_562,Residential,3.0,,Fair
B563,Building_563,Commercial,7.0,1999.0,Good
nan,nan,Residential,9.0,,Poor
B565,Building_565,Commercial,3.0,2001.0,Fair
B566,Building_566,Government,6.0,1986.0,Fair
B567,Building_567,Government,2.0,1988.0,Good
B568,Building_568,Commercial,2.0,1980.0,Good
B569,Building_569,Commercial,5.0,2008.0,Poor
B570,Building_570,nan,5.0,1987.0,Good
B571,nan,Government,7.0,,Fair
B572,Building_572,Residential,,2014.0,Fair
B573,Building_573,Government,7.0,1982.0,nan
B574,Building_574,nan,5.0,2019.0,Fair
B575,Building_575,Commercial,6.0,1986.0,Poor
B576,Building_576,Government,8.0,2006.0,Poor
B577,Building_577,Commercial,4.0,,Good
B578,Building_578,Government,7.0,2006.0,Good
B579,Building_579,Commercial,6.0,1995.0,Good
B580,Building_580,Residential,2.0,2017.0,Poor
B581,Building_581,Residential,8.0,1986.0,Fair
nan,Building_582,Commercial,9.0,2002.0,Good
B583,Building_583,Government,5.0,,Fair
B584,Building_584,Residential,4.0,1990.0,Good
B585,Building_585,Government,6.0,2021.0,Good
B586,Building_586,Commercial,8.0,2012.0,nan
B587,Building_587,Government,,2015.0,Good
B588,Building_588,nan,1.0,2016.0,Good
B589,Building_589,Government,4.0,2020.0,Fair
B590,Building_590,Government,4.0,1996.0,Good
B591,Building_591,nan,1.0,2014.0,Fair
B592,Building_592,Commercial,,1984.0,Poor
B593,Building_593,Commercial,3.0,2011.0,Good
B594,Building_594,Residential,5.0,1982.0,Fair
B595,Building_595,Residential,6.0,2014.0,Poor
B596,Building_596,Commercial,8.0,1993.0,Poor
B597,Building_597,Commercial,6.0,2010.0,Poor
B598,Building_598,Residential,3.0,2010.0,Fair
B599,Building_599,Residential,6.0,1996.0,Good
B600,nan,Residential,1.0,2003.0,Good
B601,Building_601,Residential,4.0,2002.0,Fair
B602,nan,Commercial,6.0,1997.0,Good
B603,Building_603,Residential,,1993.0,Fair
nan,Building_604,nan,3.0,1994.0,Good
B605,Building_605,Government,,1994.0,Poor
B606,Building_606,Government,7.0,,Good
nan,Building_607,Residential,1.0,2006.0,Fair
nan,Building_608,Government,2.0,1994.0,Fair
B609,Building_609,Government,,2015.0,Poor
B610,Building_610,Government,9.0,1987.0,Fair
B611,Building_611,Residential,9.0,1994.0,Good
B612,Building_612,nan,7.0,1982.0,nan
B613,Building_613,Government,3.0,1992.0,Poor
B614,Building_614,Commercial,5.0,,Fair
B615,Building_615,Government,4.0,2013.0,Poor
B616,Building_616,nan,7.0,2003.0,Good
B617,Building_617,Residential,,2019.0,Poor
B618,Building_618,Residential,,2011.0,Fair
B619,Building_619,Government,8.0,2011.0,nan
B620,Building_620,Commercial,9.0,2009.0,Fair
B621,Building_621,Residential,9.0,1992.0,nan
B622,Building_622,Residential,7.0,1980.0,Good
nan,Building_623,Government,9.0,2013.0,nan
B624,Building_624,Commercial,9.0,1994.0,Good
B625,nan,Government,3.0,,Fair
B626,nan,Residential,4.0,2008.0,Poor
B627,Building_627,Commercial,2.0,2013.0,Fair
B628,Building_628,Commercial,3.0,1997.0,Good
B629,Building_629,Residential,5.0,1986.0,Good
nan,Building_630,Commercial,5.0,2008.0,Poor
nan,nan,Commercial,6.0,2010.0,Good
nan,Building_632,Government,7.0,2004.0,Good
B633,Building_633,Residential,7.0,2017.0,Good
nan,Building_634,Residential,1.0,1993.0,Poor
B635,Building_635,Residential,2.0,,nan
nan,Building_636,Residential,9.0,2006.0,nan
B637,nan,Residential,,1981.0,Poor
B638,Building_638,Commercial,6.0,1996.0,nan
B639,Building_639,Government,1.0,2016.0,Poor
B640,nan,Residential,3.0,1993.0,Good
B641,Building_641,Government,2.0,2004.0,nan
B642,Building_642,Government,3.0,2009.0,Good
B643,Building_643,Commercial,5.0,2008.0,Fair
B644,Building_644,Residential,6.0,1999.0,Good
B645,Building_645,Commercial,9.0,2000.0,Poor
B646,Building_646,Residential,4.0,2001.0,Good
B647,Building_647,Commercial,7.0,2014.0,Fair
B648,Building_648,Government,6.0,2016.0,Good
B649,Building_649,Residential,,1995.0,Poor
B650,Building_650,Government,8.0,2022.0,Poor
B651,nan,Government,7.0,1996.0,Fair
B652,Building_652,Commercial,7.0,1995.0,Poor
B653,Building_653,Residential,8.0,1981.0,Good
nan,Building_654,Government,1.0,1983.0,Good
B655,Building_655,Commercial,1.0,2000.0,Good
B656,Building_656,Residential,8.0,2018.0,Poor
B657,Building_657,Residential,4.0,2013.0,Good
nan,Building_658,Government,5.0,,Good
B659,Building_659,Residential,8.0,1985.0,Good
B660,Building_660,Government,5.0,1996.0,Fair
B661,Building_661,Residential,,2018.0,nan
B662,Building_662,Commercial,6.0,,Poor
B663,Building_663,Government,5.0,1984.0,Poor
B664,Building_664,nan,7.0,1984.0,Fair
B665,Building_665,Residential,7.0,1999.0,Poor
B666,Building_666,Residential,4.0,,Fair
nan,nan,Government,5.0,2020.0,Fair
B668,Building_668,Residential,3.0,2016.0,Poor
B669,Building_669,Commercial,4.0,2019.0,Good
B670,nan,Residential,4.0,1988.0,Good
B671,Building_671,Commercial,3.0,1984.0,Poor
B672,Building_672,Commercial,,2021.0,Poor
B673,Building_673,nan,,1981.0,Fair
B674,Building_674,Commercial,,1988.0,Poor
nan,Building_675,Commercial,4.0,2022.0,Fair
B676,nan,Residential,,2015.0,nan
B677,Building_677,Commercial,9.0,2001.0,Good
B678,nan,Residential,6.0,2001.0,nan
B679,Building_679,Commercial,,2001.0,Poor
B680,Building_680,Government,2.0,2013.0,Fair
B681,Building_681,Commercial,6.0,2008.0,Good
B682,Building_682,Government,2.0,2017.0,Fair
B683,Building_683,nan,5.0,2012.0,nan
B684,Building_684,Commercial,6.0,1997.0,Poor
B685,Building_685,Commercial,4.0,1986.0,Good
nan,Building_686,Government,3.0,,Poor
B687,Building_687,nan,7.0,2012.0,Good
B688,Building_688,Commercial,2.0,1980.0,nan
B689,Building_689,Residential,,2003.0,nan
B690,nan,Commercial,4.0,1983.0,Good
B691,Building_691,Government,6.0,,Fair
B692,Building_692,Commercial,4.0,1997.0,Good
B693,Building_693,nan,4.0,,Good
B694,Building_694,Government,4.0,2022.0,Poor
B695,Building_695,Government,9.0,2011.0,Fair
B696,Building_696,Commercial,,2012.0,Good
B697,Building_697,Government,,2007.0,Fair
B698,nan,Government,3.0,2021.0,Fair
B699,Building_699,Commercial,6.0,2020.0,Good
B700,Building_700,Government,6.0,,Poor
B701,Building_701,Commercial,4.0,1985.0,Fair
B702,Building_702,Government,9.0,,Good
B703,Building_703,Residential,4.0,2013.0,Fair
B704,Building_704,Residential,9.0,2002.0,Poor
B705,Building_705,Government,4.0,2021.0,Poor
B706,Building_706,Residential,2.0,2003.0,Poor
B707,Building_707,Commercial,,1992.0,Good
B708,Building_708,Residential,5.0,1997.0,Good
B709,nan,Government,4.0,1992.0,Poor
B710,Building_710,Government,,,Good
B711,Building_711,Commercial,5.0,2022.0,Poor
B712,Building_712,Government,6.0,2018.0,Good
B713,nan,Commercial,4.0,2021.0,Poor
nan,Building_714,Residential,2.0,1996.0,Fair
B715,Building_715,Residential,,,Poor
B716,Building_716,Commercial,7.0,1997.0,Poor
B717,Building_717,Commercial,4.0,2002.0,Good
B718,Building_718,Government,3.0,2009.0,Good
B719,Building_719,Residential,3.0,2013.0,Good
B720,Building_720,Commercial,,1983.0,nan
B721,Building_721,Residential,5.0,1982.0,Good
B722,Building_722,Commercial,3.0,1986.0,Good
B723,Building_723,Residential,5.0,,Fair
B724,Building_724,Government,2.0,2021.0,Poor
B725,Building_725,Residential,,1986.0,Poor
B726,Building_726,Residential,2.0,2019.0,Poor
B727,Building_727,nan,2.0,1985.0,Fair
nan,Building_728,Residential,8.0,2001.0,Poor
nan,Building_729,Residential,1.0,,Fair
nan,Building_730,Government,7.0,1983.0,Fair
B731,Building_731,Commercial,5.0,2022.0,Fair
B732,Building_732,Residential,8.0,2008.0,Poor
B733,Building_733,nan,1.0,2000.0,Fair
B734,Building_734,Residential,7.0,2005.0,Poor
nan,Building_735,nan,5.0,1993.0,Poor
B736,Building_736,Commercial,4.0,1988.0,Good
B737,Building_737,Residential,7.0,1991.0,Good
B738,Building_738,Government,2.0,,Fair
B739,Building_739,Government,1.0,,Fair
B740,Building_740,Commercial,1.0,1999.0,Poor
B741,Building_741,Residential,1.0,2003.0,Fair
B742,nan,Government,5.0,2006.0,nan
B743,Building_743,Residential,7.0,2017.0,Poor
nan,Building_744,Residential,2.0,1987.0,Fair
B745,Building_745,Residential,,1980.0,Fair
B746,Building_746,Commercial,4.0,2003.0,Poor
B747,Building_747,Residential,3.0,1986.0,Poor
B748,Building_748,Government,8.0,1998.0,Good
B749,Building_749,Residential,2.0,2001.0,Poor
B750,Building_750,Government,3.0,,Good
B751,Building_751,Residential,3.0,2009.0,Fair
B752,Building_752,Government,1.0,2008.0,Poor
B753,Building_753,Government,6.0,,Poor
B754,Building_754,Residential,2.0,1990.0,Poor
B755,Building_755,nan,1.0,1999.0,Fair
B756,nan,Government,2.0,2008.0,Good
B757,Building_757,Commercial,6.0,,Fair
B758,Building_758,Residential,4.0,2021.0,Fair
B759,Building_759,Commercial,6.0,2013.0,Poor
B760,Building_760,nan,9.0,1980.0,Good
B761,Building_761,Residential,8.0,2010.0,Fair
B762,Building_762,Residential,1.0,2009.0,Poor
B763,Building_763,Residential,8.0,1997.0,Fair
B764,Building_764,Commercial,9.0,1996.0,Fair
B765,Building_765,Residential,6.0,2017.0,Poor
B766,Building_766,Government,5.0,1993.0,Poor
B767,nan,Government,6.0,2002.0,Good
B768,Building_768,Commercial,,2004.0,Fair
B769,Building_769,Residential,9.0,1994.0,Poor
B770,Building_770,Government,4.0,,Poor
B771,Building_771,Commercial,2.0,1982.0,Good
B772,Building_772,Residential,9.0,1998.0,Good
B773,Building_773,Government,2.0,2013.0,nan
B774,Building_774,Government,9.0,2014.0,Good
B775,Building_775,Commercial,2.0,1980.0,Poor
B776,Building_776,Residential,8.0,2000.0,Fair
B777,Building_777,nan,9.0,2008.0,Good
B778,Building_778,Government,9.0,1985.0,Fair
B779,Building_779,Government,9.0,,Fair
B780,Building_780,Government,2.0,1980.0,Fair
B781,Building_781,nan,4.0,1980.0,Poor
nan,Building_782,Commercial,7.0,2006.0,Fair
nan,Building_783,nan,2.0,,Fair
nan,Building_784,Residential,1.0,1995.0,Fair
B785,Building_785,Commercial,3.0,2019.0,Poor
B786,Building_786,Government,4.0,2005.0,Fair
nan,Building_787,Commercial,8.0,1995.0,Fair
B788,Building_788,Commercial,6.0,2007.0,Good
B789,Building_789,Commercial,2.0,1980.0,Poor
B790,Building_790,Government,,2015.0,Fair
B791,Building_791,Residential,,1989.0,Good
nan,Building_792,Government,5.0,2022.0,Poor
B793,nan,Residential,4.0,1996.0,Poor
B794,Building_794,Residential,7.0,2002.0,Poor
nan,nan,Residential,8.0,1986.0,Poor
B796,Building_796,Commercial,5.0,1986.0,Poor
B797,Building_797,nan,5.0,1994.0,Poor
B798,nan,Residential,2.0,2013.0,Fair
B799,Building_799,Residential,8.0,1983.0,Fair
B800,Building_800,Commercial,2.0,1993.0,Fair
B801,Building_801,Government,6.0,1993.0,Fair
B802,Building_802,Residential,8.0,1995.0,Good
nan,Building_803,Government,6.0,1986.0,Fair
B804,Building_804,Commercial,4.0,2011.0,Poor
B805,Building_805,nan,4.0,1998.0,Fair
B806,Building_806,Government,6.0,1981.0,Fair
B807,Building_807,Government,,1989.0,Poor
nan,Building_808,Government,8.0,1996.0,Fair
B809,Building_809,Commercial,9.0,2016.0,Fair
B810,Building_810,nan,1.0,1991.0,Fair
B811,Building_811,Government,4.0,1985.0,Good
B812,Building_812,Government,4.0,2001.0,nan
B813,Building_813,nan,,2011.0,Poor
B814,Building_814,Government,6.0,2020.0,Poor
B815,Building_815,nan,3.0,1999.0,Fair
B816,Building_816,Commercial,7.0,1980.0,Fair
B817,Building_817,Government,5.0,,Fair
B818,Building_818,Government,4.0,1998.0,Poor
B819,Building_819,Government,5.0,1997.0,Poor
B820,Building_820,Commercial,,,Good
B821,nan,Government,3.0,2012.0,Good
B822,Building_822,Commercial,7.0,2002.0,nan
B823,Building_823,Commercial,6.0,2002.0,Poor
B824,Building_824,Residential,1.0,2005.0,Good
B825,Building_825,Residential,7.0,1992.0,Fair
B826,Building_826,Government,7.0,1986.0,Fair
B827,Building_827,Commercial,1.0,1994.0,Poor
B828,Building_828,Residential,9.0,,Good
B829,Building_829,Government,6.0,2005.0,Fair
nan,Building_830,nan,2.0,2012.0,Poor
B831,Building_831,Residential,5.0,1994.0,Good
B832,Building_832,Commercial,4.0,2015.0,Fair
B833,Building_833,Commercial,7.0,2006.0,Good
B834,Building_834,Residential,8.0,1984.0,Poor
B835,Building_835,nan,1.0,1981.0,Good
B836,Building_836,Commercial,5.0,2012.0,Poor
B837,Building_837,Government,3.0,,Good
B838,Building_838,nan,1.0,2002.0,Fair
nan,Building_839,Residential,3.0,2017.0,Poor
B840,Building_840,Government,6.0,1995.0,Poor
B841,Building_841,Residential,7.0,1993.0,Poor
B842,Building_842,Government,8.0,,Good
B843,Building_843,Residential,4.0,2005.0,Good
B844,Building_844,Government,3.0,2014.0,Fair
B845,Building_845,Government,5.0,,Poor
B846,nan,Residential,9.0,1982.0,Poor
B847,Building_847,Government,6.0,2002.0,Good
B848,Building_848,Commercial,9.0,2008.0,Good
B849,Building_849,Residential,6.0,2013.0,nan
B850,Building_850,Commercial,2.0,,Fair
B851,Building_851,Residential,,2020.0,Good
B852,Building_852,Government,9.0,2020.0,Poor
B853,Building_853,Government,8.0,2002.0,Fair
B854,Building_854,Government,7.0,1986.0,Good
B855,nan,Residential,1.0,1982.0,Good
B856,Building_856,Commercial,4.0,2011.0,Poor
B857,Building_857,Commercial,7.0,2010.0,Good
B858,Building_858,Residential,7.0,1997.0,Good
B859,Building_859,Residential,6.0,2022.0,Fair
B860,Building_860,Commercial,8.0,1986.0,Good
B861,Building_861,nan,,2020.0,Good
B862,Building_862,Commercial,3.0,,Fair
B863,Building_863,nan,4.0,1993.0,Poor
B864,Building_864,Residential,3.0,2011.0,Poor
B865,Building_865,Residential,1.0,1985.0,nan
B866,Building_866,Government,5.0,2018.0,Fair
B867,Building_867,Commercial,1.0,,Poor
B868,nan,Government,1.0,1986.0,Poor
B869,Building_869,nan,2.0,2005.0,Poor
B870,nan,Residential,4.0,2013.0,nan
nan,Building_871,nan,6.0,2009.0,Poor
B872,Building_872,Commercial,8.0,2015.0,Fair
B873,Building_873,Commercial,3.0,2000.0,Good
B874,Building_874,Commercial,1.0,1996.0,Poor
nan,nan,Commercial,3.0,2012.0,Poor
B876,Building_876,Government,3.0,1989.0,nan
B877,Building_877,Government,,2021.0,Good
B878,Building_878,Residential,4.0,1991.0,Good
nan,Building_879,Commercial,,1995.0,nan
B880,Building_880,Commercial,9.0,2020.0,Good
B881,Building_881,Commercial,7.0,2011.0,Good
B882,Building_882,Government,4.0,1994.0,Fair
B883,Building_883,Commercial,3.0,2006.0,Good
nan,Building_884,Government,6.0,2007.0,Good
B885,Building_885,Commercial,3.0,1996.0,Fair
B886,nan,Commercial,6.0,1981.0,Good
B887,Building_887,nan,9.0,2015.0,Poor
B888,nan,Commercial,6.0,1986.0,nan
B889,nan,Commercial,4.0,1992.0,Good
B890,Building_890,Residential,5.0,1994.0,Fair
B891,nan,Government,6.0,2004.0,Poor
nan,Building_892,Government,3.0,2002.0,Fair
nan,Building_893,Commercial,8.0,2001.0,Poor
B894,Building_894,Government,4.0,2005.0,Good
B895,Building_895,nan,8.0,2012.0,Fair
B896,Building_896,Residential,3.0,1990.0,Fair
B897,Building_897,Residential,7.0,1989.0,nan
B898,Building_898,Commercial,9.0,2004.0,nan
B899,Building_899,Residential,4.0,2016.0,Poor
nan,Building_900,Residential,8.0,2022.0,Poor
