Road ID,Road Name,Length (km),Type,Condition,Year Built
R1,Road_1,4.1,Dirt,Good,1999.0
R2,Road_2,9.5,Asphalt,Good,1985.0
R3,Road_3,7.5,Dirt,Good,1991.0
R4,nan,6.2,Asphalt,Good,1981.0
R5,nan,,Dirt,Good,1986.0
R6,Road_6,2.0,nan,nan,1995.0
R7,Road_7,1.1,Gravel,Fair,1982.0
R8,Road_8,8.7,Gravel,Fair,
R9,Road_9,6.2,Asphalt,Poor,
R10,Road_10,7.2,Dirt,Poor,2022.0
R11,Road_11,0.7,Asphalt,Fair,2019.0
R12,Road_12,9.7,Dirt,Fair,2017.0
R13,nan,8.4,Gravel,Fair,2012.0
R14,Road_14,2.5,nan,Fair,2007.0
R15,Road_15,2.2,Gravel,Fair,1980.0
R16,Road_16,2.2,nan,nan,1987.0
R17,nan,3.4,Dirt,nan,2016.0
R18,Road_18,5.5,Dirt,Good,
R19,Road_19,4.6,Asphalt,Fair,2022.0
R20,Road_20,3.3,Asphalt,nan,2016.0
R21,Road_21,6.3,Gravel,Fair,1983.0
R22,Road_22,,Gravel,Good,2009.0
R23,Road_23,3.3,Asphalt,Good,1985.0
R24,Road_24,4.0,Gravel,Fair,1998.0
R25,Road_25,4.8,Asphalt,Good,2011.0
R26,Road_26,8.0,Dirt,Good,1988.0
R27,nan,2.4,Gravel,Fair,1991.0
R28,Road_28,5.4,Gravel,Good,1990.0
R29,Road_29,,Asphalt,Poor,1995.0
R30,Road_30,0.9,Gravel,Poor,1980.0
R31,Road_31,6.3,Gravel,Poor,
R32,Road_32,2.1,Dirt,Poor,2009.0
R33,Road_33,1.1,Gravel,Fair,1992.0
R34,Road_34,,nan,Fair,2013.0
R35,Road_35,,Asphalt,Fair,1983.0
R36,Road_36,8.2,Gravel,Poor,2007.0
nan,Road_37,3.4,Dirt,Poor,2017.0
R38,Road_38,1.4,Asphalt,Good,2010.0
R39,Road_39,,Gravel,Good,
R40,Road_40,,Asphalt,Poor,1984.0
nan,Road_41,1.7,Gravel,Poor,2004.0
R42,Road_42,,Asphalt,Poor,1982.0
R43,Road_43,0.8,Asphalt,Poor,2012.0
R44,Road_44,9.1,Dirt,Good,1983.0
R45,Road_45,,nan,Poor,2004.0
R46,Road_46,6.8,nan,Good,1999.0
R47,Road_47,3.5,Gravel,Poor,2013.0
R48,Road_48,5.4,Dirt,Poor,2005.0
R49,Road_49,5.7,Gravel,Poor,
R50,Road_50,2.3,nan,nan,2014.0
R51,Road_51,9.7,Gravel,Good,2007.0
R52,Road_52,7.9,Asphalt,Fair,2008.0
R53,Road_53,9.4,Asphalt,Poor,1988.0
R54,Road_54,9.0,Gravel,Fair,2017.0
R55,Road_55,6.2,Dirt,Fair,1985.0
R56,Road_56,9.3,Asphalt,Good,1998.0
R57,Road_57,1.3,Dirt,Good,1990.0
R58,Road_58,2.4,nan,Fair,1981.0
R59,Road_59,0.9,Gravel,Poor,1988.0
R60,Road_60,3.6,Asphalt,Good,2000.0
R61,Road_61,4.2,Gravel,Poor,2003.0
R62,Road_62,3.1,Asphalt,Poor,2013.0
R63,Road_63,8.4,Gravel,Fair,
R64,nan,3.9,Gravel,Fair,1982.0
R65,Road_65,3.2,nan,Fair,1991.0
R66,Road_66,5.7,Asphalt,Fair,
R67,Road_67,1.8,Asphalt,nan,2009.0
R68,Road_68,8.1,Gravel,Good,2005.0
R69,Road_69,1.2,Gravel,Fair,2000.0
R70,Road_70,9.9,Dirt,nan,2007.0
R71,Road_71,,Asphalt,Fair,2005.0
R72,nan,2.4,Gravel,Poor,2012.0
R73,nan,0.6,Gravel,Poor,2000.0
R74,Road_74,8.2,Asphalt,Poor,2014.0
R75,Road_75,7.2,Dirt,Fair,
R76,Road_76,7.4,Asphalt,Poor,
R77,Road_77,7.8,Dirt,Good,1997.0
R78,Road_78,1.2,Gravel,Poor,1990.0
R79,Road_79,3.9,Dirt,nan,2002.0
nan,Road_80,1.6,Gravel,Poor,2001.0
R81,Road_81,8.7,Asphalt,Good,1996.0
R82,Road_82,6.4,Asphalt,Fair,
R83,Road_83,3.6,Asphalt,Good,1990.0
R84,Road_84,1.1,Dirt,Fair,2009.0
R85,Road_85,3.5,Gravel,Fair,
nan,Road_86,3.6,Asphalt,Poor,2006.0
R87,Road_87,,Asphalt,Fair,2014.0
nan,Road_88,6.6,Gravel,Good,2012.0
R89,Road_89,8.9,Asphalt,Good,1999.0
R90,Road_90,5.0,Gravel,Fair,1995.0
R91,Road_91,1.6,Gravel,nan,2013.0
R92,Road_92,7.3,Gravel,Poor,
R93,Road_93,7.7,Gravel,Good,2014.0
R94,Road_94,5.8,Gravel,Poor,
nan,Road_95,,Dirt,Fair,2007.0
nan,Road_96,5.2,Asphalt,Fair,2018.0
R97,Road_97,,Dirt,Good,1985.0
R98,nan,4.6,nan,Fair,
R99,Road_99,0.7,Dirt,Good,1999.0
R100,Road_100,1.5,Gravel,Fair,
R101,Road_101,0.8,Asphalt,Good,
R102,Road_102,6.5,Asphalt,Poor,2002.0
R103,Road_103,3.5,Dirt,nan,1982.0
R104,Road_104,5.3,Dirt,Fair,1983.0
R105,Road_105,9.1,Asphalt,Good,2004.0
R106,Road_106,2.9,Dirt,nan,2017.0
R107,Road_107,4.4,Dirt,Fair,1994.0
nan,Road_108,,nan,Good,2000.0
R109,Road_109,2.7,Gravel,nan,2014.0
R110,Road_110,1.2,Gravel,nan,1993.0
R111,nan,3.3,Dirt,Good,2015.0
R112,Road_112,2.0,Dirt,Fair,1991.0
R113,Road_113,9.3,Gravel,Poor,1996.0
R114,Road_114,8.2,Gravel,nan,2018.0
R115,Road_115,6.5,Asphalt,Fair,1988.0
R116,Road_116,8.8,Asphalt,Good,2014.0
R117,nan,,nan,Fair,1992.0
nan,Road_118,2.3,Dirt,Poor,1994.0
nan,Road_119,9.0,Dirt,Fair,1997.0
R120,Road_120,5.6,Dirt,Good,2012.0
R121,Road_121,8.2,Dirt,Poor,1985.0
R122,Road_122,9.0,Asphalt,Fair,
R123,Road_123,3.5,Gravel,Good,2002.0
R124,Road_124,1.5,Dirt,nan,2006.0
R125,Road_125,2.7,Asphalt,Good,2013.0
R126,Road_126,4.6,Dirt,Poor,2017.0
R127,Road_127,8.3,Gravel,nan,1993.0
R128,Road_128,8.7,Asphalt,Good,2015.0
R129,Road_129,0.6,Gravel,nan,
R130,Road_130,5.4,Gravel,nan,2014.0
R131,Road_131,4.5,Asphalt,Good,1998.0
nan,nan,2.6,Asphalt,Fair,2009.0
R133,Road_133,1.6,nan,Good,1993.0
R134,Road_134,3.7,Asphalt,Poor,1999.0
R135,Road_135,9.5,Asphalt,Poor,2004.0
nan,Road_136,3.6,Asphalt,Poor,2019.0
R137,Road_137,,Asphalt,Poor,2003.0
nan,Road_138,7.2,Dirt,Fair,1993.0
R139,Road_139,4.0,Gravel,Good,2005.0
R140,Road_140,9.7,Asphalt,Fair,2017.0
R141,Road_141,9.6,Dirt,Good,2002.0
nan,Road_142,2.9,Dirt,Good,2001.0
R143,Road_143,5.2,Dirt,Good,1998.0
R144,Road_144,3.4,Gravel,Fair,1982.0
nan,Road_145,3.2,Asphalt,Good,2021.0
R146,Road_146,0.9,Dirt,Fair,1998.0
R147,Road_147,6.3,Gravel,nan,1988.0
R148,Road_148,5.3,Gravel,Poor,
R149,Road_149,1.0,nan,Good,1999.0
R150,Road_150,3.1,Dirt,nan,1986.0
R151,Road_151,9.1,Asphalt,Poor,1993.0
R152,Road_152,2.8,nan,Fair,1988.0
R153,Road_153,1.9,Dirt,Fair,
R154,Road_154,5.1,Asphalt,Good,1993.0
R155,Road_155,9.9,Asphalt,Poor,2017.0
nan,Road_156,2.8,Asphalt,Good,2015.0
R157,Road_157,6.9,Gravel,Good,2019.0
R158,Road_158,7.7,nan,Poor,1996.0
R159,Road_159,2.8,Dirt,Poor,2009.0
R160,Road_160,7.4,Asphalt,Fair,1988.0
R161,Road_161,4.0,Dirt,Poor,2012.0
R162,Road_162,6.5,nan,Fair,2004.0
R163,Road_163,6.5,Dirt,Fair,
R164,Road_164,5.6,Dirt,Fair,1990.0
R165,Road_165,1.4,Asphalt,Poor,2014.0
R166,Road_166,8.4,Asphalt,Good,2020.0
R167,Road_167,3.5,Dirt,Fair,1993.0
R168,Road_168,2.3,Asphalt,Good,2009.0
R169,Road_169,0.9,Gravel,Good,2020.0
R170,Road_170,6.1,Gravel,Poor,1983.0
R171,Road_171,,Asphalt,Good,1983.0
R172,Road_172,0.7,Gravel,Good,2007.0
R173,Road_173,5.4,Asphalt,Poor,1987.0
R174,Road_174,2.7,Dirt,Fair,1981.0
R175,Road_175,6.6,Dirt,Good,2020.0
R176,Road_176,2.2,Gravel,Poor,2001.0
R177,Road_177,7.1,nan,Good,
R178,Road_178,4.2,Asphalt,Good,1995.0
R179,Road_179,9.4,Gravel,Fair,2008.0
R180,Road_180,1.8,Dirt,Good,2009.0
R181,Road_181,3.7,Gravel,Poor,
R182,Road_182,1.6,nan,Good,2014.0
R183,Road_183,9.3,Asphalt,Fair,1990.0
nan,Road_184,8.8,Dirt,Fair,2000.0
R185,Road_185,3.0,Gravel,Poor,2000.0
R186,Road_186,6.8,Asphalt,Fair,1984.0
R187,Road_187,8.3,Gravel,Good,1999.0
R188,Road_188,5.8,Gravel,Fair,2016.0
R189,Road_189,5.5,Dirt,Poor,1982.0
R190,Road_190,2.8,nan,Fair,
R191,Road_191,1.4,Dirt,Fair,1988.0
R192,Road_192,9.0,Asphalt,Fair,1988.0
nan,Road_193,9.1,Dirt,Poor,1983.0
R194,Road_194,6.5,Asphalt,Fair,2014.0
R195,Road_195,3.7,Dirt,Fair,1996.0
R196,Road_196,3.8,Gravel,Good,2013.0
nan,Road_197,,Dirt,Poor,2003.0
R198,Road_198,9.0,Dirt,Fair,2011.0
R199,Road_199,8.9,Asphalt,Poor,1980.0
R200,Road_200,7.9,Gravel,Fair,1987.0
R201,Road_201,6.6,Dirt,Fair,2002.0
nan,Road_202,,Gravel,Fair,2019.0
R203,Road_203,2.0,Dirt,Good,1991.0
R204,Road_204,9.0,Dirt,Good,1991.0
R205,Road_205,6.3,Gravel,Good,1994.0
nan,Road_206,0.6,Dirt,Poor,2020.0
R207,Road_207,1.5,Gravel,Poor,1998.0
R208,Road_208,6.8,Dirt,Good,2005.0
R209,Road_209,0.5,Asphalt,nan,2008.0
R210,Road_210,2.0,Gravel,Fair,2001.0
R211,Road_211,5.7,Dirt,Fair,2019.0
R212,Road_212,7.1,Dirt,Fair,2000.0
R213,Road_213,6.7,Asphalt,Good,2017.0
R214,Road_214,2.6,Gravel,Poor,1999.0
R215,nan,7.3,Dirt,Good,2008.0
R216,Road_216,2.8,Asphalt,Poor,1983.0
R217,Road_217,3.6,Dirt,Fair,1986.0
R218,Road_218,7.6,Gravel,Good,2007.0
nan,Road_219,6.7,nan,Poor,2007.0
R220,Road_220,,Dirt,Poor,1983.0
R221,Road_221,6.7,Dirt,Fair,2001.0
R222,Road_222,5.9,Dirt,Good,1991.0
R223,Road_223,1.4,Asphalt,Good,1982.0
R224,Road_224,4.0,nan,Good,2001.0
R225,Road_225,3.0,Gravel,Fair,1981.0
R226,Road_226,2.8,Asphalt,Good,2003.0
R227,Road_227,,Asphalt,Fair,2013.0
R228,Road_228,4.2,Gravel,Fair,2006.0
R229,Road_229,9.0,Asphalt,Fair,2020.0
R230,Road_230,6.5,Asphalt,nan,1980.0
R231,Road_231,8.1,Gravel,Good,1987.0
R232,Road_232,5.3,Gravel,Good,2002.0
R233,Road_233,6.0,Gravel,Fair,2017.0
R234,Road_234,5.2,Dirt,Fair,1985.0
R235,Road_235,2.4,Dirt,Good,2001.0
R236,Road_236,7.4,Gravel,Fair,2004.0
R237,Road_237,3.2,Gravel,nan,1997.0
R238,Road_238,0.7,nan,Poor,
R239,Road_239,6.6,nan,Fair,1991.0
R240,Road_240,2.2,Dirt,Good,1985.0
R241,Road_241,9.4,Asphalt,Fair,2005.0
R242,Road_242,9.6,Asphalt,Good,2006.0
R243,Road_243,9.2,Gravel,Good,1987.0
R244,Road_244,4.0,nan,Fair,1998.0
R245,Road_245,0.6,Dirt,Poor,2021.0
R246,Road_246,9.3,Dirt,Good,1980.0
R247,Road_247,,Gravel,Good,2008.0
R248,nan,9.7,Asphalt,Good,2014.0
R249,Road_249,9.7,Gravel,Poor,2019.0
R250,Road_250,8.6,Asphalt,nan,1993.0
R251,Road_251,3.3,Asphalt,Fair,2014.0
R252,nan,,nan,Poor,1999.0
R253,Road_253,8.6,Asphalt,Fair,1992.0
nan,Road_254,3.5,Asphalt,Fair,2017.0
R255,nan,2.1,Dirt,Poor,1987.0
R256,nan,5.8,Asphalt,Fair,2022.0
R257,Road_257,9.4,Gravel,Poor,1999.0
R258,Road_258,7.1,Gravel,Fair,2012.0
R259,nan,5.9,Asphalt,Poor,
R260,Road_260,,Dirt,Poor,2018.0
R261,Road_261,6.3,Dirt,nan,2000.0
R262,Road_262,9.9,Asphalt,Good,2021.0
R263,Road_263,,Asphalt,nan,2022.0
R264,nan,5.4,Gravel,Poor,2020.0
nan,Road_265,8.8,Asphalt,Good,1988.0
nan,nan,7.5,Dirt,Fair,2003.0
nan,Road_267,7.1,Asphalt,Fair,2016.0
R268,Road_268,7.2,Gravel,Fair,2020.0
R269,nan,3.9,Gravel,Good,1996.0
R270,Road_270,3.3,Gravel,Poor,2003.0
R271,Road_271,8.2,Gravel,Fair,2000.0
R272,Road_272,8.2,nan,Fair,2018.0
R273,Road_273,8.7,Asphalt,Fair,2020.0
R274,Road_274,9.2,nan,Fair,2018.0
R275,Road_275,5.4,Asphalt,nan,1992.0
R276,Road_276,5.3,Asphalt,Poor,
R277,Road_277,8.1,Gravel,Poor,1998.0
R278,Road_278,6.7,Dirt,Fair,1990.0
R279,Road_279,7.2,Asphalt,Good,1992.0
nan,Road_280,8.1,Dirt,Poor,1980.0
R281,Road_281,9.0,Asphalt,Good,
R282,Road_282,3.7,Asphalt,Poor,1998.0
R283,Road_283,4.1,Dirt,Fair,1991.0
R284,Road_284,,Gravel,Poor,1987.0
R285,Road_285,6.0,Asphalt,Fair,1987.0
R286,Road_286,0.8,Asphalt,Poor,1991.0
R287,Road_287,4.9,nan,nan,2012.0
R288,Road_288,5.7,Dirt,Fair,2005.0
R289,Road_289,3.2,Gravel,Fair,2018.0
R290,Road_290,6.1,Dirt,nan,2007.0
R291,Road_291,0.8,Dirt,Good,1984.0
R292,Road_292,0.9,Gravel,Fair,1987.0
R293,Road_293,8.3,Dirt,Good,2004.0
R294,nan,3.9,Gravel,Good,2006.0
nan,Road_295,1.7,Asphalt,Fair,2002.0
nan,nan,5.5,Gravel,nan,2009.0
R297,Road_297,7.8,Asphalt,Poor,
R298,Road_298,2.6,Dirt,Fair,1999.0
R299,Road_299,6.4,Dirt,nan,
R300,nan,1.3,Asphalt,Fair,1997.0
R301,nan,,nan,Fair,1981.0
R302,Road_302,,Gravel,nan,1983.0
R303,Road_303,5.6,Asphalt,Good,2009.0
R304,Road_304,6.6,nan,Poor,2012.0
R305,Road_305,7.4,Asphalt,Poor,2015.0
R306,nan,9.8,Gravel,Good,1997.0
R307,nan,5.4,Gravel,Fair,2016.0
R308,Road_308,3.6,Dirt,Good,1998.0
R309,Road_309,8.1,Gravel,Good,2007.0
R310,Road_310,3.1,Asphalt,Good,2019.0
R311,Road_311,,Gravel,Fair,1999.0
R312,Road_312,,Asphalt,nan,2012.0
R313,Road_313,0.7,Asphalt,Fair,1991.0
R314,Road_314,9.6,nan,Good,1994.0
R315,Road_315,8.4,Dirt,Poor,2020.0
nan,Road_316,7.1,Gravel,Good,2018.0
R317,Road_317,4.4,Asphalt,Good,1981.0
R318,Road_318,2.1,Asphalt,Poor,2008.0
nan,Road_319,2.0,nan,Fair,2020.0
R320,Road_320,2.9,Dirt,Fair,1989.0
R321,Road_321,5.7,Dirt,Good,1981.0
R322,Road_322,7.3,Asphalt,Poor,1990.0
R323,Road_323,6.8,Asphalt,Fair,1992.0
R324,Road_324,3.2,Dirt,Good,1989.0
R325,Road_325,9.6,Gravel,Poor,1993.0
R326,Road_326,7.5,Asphalt,Fair,1997.0
R327,Road_327,5.8,Asphalt,Fair,
R328,Road_328,6.3,Dirt,Poor,2018.0
R329,Road_329,4.5,Gravel,Poor,
R330,Road_330,2.9,Dirt,Poor,1982.0
R331,Road_331,3.9,Gravel,Poor,
R332,Road_332,7.7,Gravel,Good,1985.0
R333,Road_333,0.6,Gravel,Poor,2006.0
R334,Road_334,1.6,Asphalt,Fair,1981.0
R335,Road_335,0.9,nan,Fair,2008.0
R336,Road_336,0.9,Dirt,Good,2017.0
R337,Road_337,8.6,Gravel,Fair,1982.0
R338,Road_338,7.2,Asphalt,Fair,1995.0
R339,Road_339,5.0,Asphalt,Poor,2009.0
nan,Road_340,1.4,nan,Fair,2019.0
R341,nan,5.2,Asphalt,Good,1981.0
R342,Road_342,5.0,Asphalt,Poor,1996.0
R343,Road_343,2.1,Gravel,Poor,2020.0
R344,Road_344,4.6,Asphalt,Good,1991.0
R345,Road_345,4.3,Gravel,Poor,
R346,Road_346,6.4,Dirt,Poor,2022.0
R347,Road_347,6.5,Asphalt,Good,
R348,Road_348,0.9,nan,Poor,1994.0
R349,Road_349,4.1,Dirt,Good,2005.0
R350,Road_350,6.4,Asphalt,nan,2016.0
R351,Road_351,5.3,Asphalt,Fair,2000.0
R352,Road_352,8.6,Dirt,Fair,2010.0
R353,Road_353,6.8,Asphalt,Poor,2004.0
R354,Road_354,2.0,Gravel,Poor,2002.0
R355,Road_355,1.2,Gravel,Good,2003.0
R356,Road_356,6.6,nan,Poor,2017.0
R357,Road_357,0.8,nan,Good,2007.0
R358,Road_358,6.1,nan,Good,2000.0
R359,Road_359,9.4,Asphalt,Poor,2022.0
R360,Road_360,6.0,Dirt,Good,1997.0
R361,Road_361,4.2,Dirt,Fair,2015.0
R362,Road_362,6.6,Gravel,Poor,2014.0
R363,Road_363,4.9,Dirt,Fair,1988.0
R364,Road_364,5.7,Gravel,Poor,2017.0
R365,Road_365,9.4,Dirt,Good,2009.0
R366,Road_366,,Asphalt,Poor,
R367,Road_367,9.6,Gravel,Fair,2011.0
R368,nan,9.1,Gravel,Good,1982.0
R369,Road_369,2.4,Gravel,Poor,1982.0
R370,Road_370,1.2,Asphalt,nan,2007.0
R371,Road_371,,nan,Poor,1994.0
R372,Road_372,0.7,Asphalt,Fair,2020.0
R373,nan,1.4,Asphalt,Fair,2002.0
R374,Road_374,7.0,Asphalt,Poor,2019.0
R375,Road_375,1.2,Gravel,Good,1990.0
nan,Road_376,3.5,Asphalt,Good,2011.0
R377,nan,8.5,Gravel,nan,2015.0
R378,Road_378,0.7,Asphalt,Good,2012.0
R379,Road_379,8.2,Dirt,Fair,2003.0
R380,Road_380,3.2,nan,Poor,2018.0
R381,Road_381,1.6,Dirt,Fair,2013.0
R382,Road_382,7.1,nan,Fair,2007.0
R383,Road_383,6.5,Dirt,Poor,2016.0
R384,Road_384,8.8,Asphalt,Good,1986.0
R385,Road_385,7.5,Asphalt,Fair,1983.0
R386,Road_386,8.1,Asphalt,Fair,2016.0
R387,Road_387,3.2,Gravel,Poor,1980.0
R388,Road_388,2.2,Dirt,Good,1980.0
R389,Road_389,7.6,Asphalt,Fair,1999.0
R390,Road_390,8.2,Dirt,Poor,1998.0
R391,Road_391,,Dirt,Fair,
nan,Road_392,,Asphalt,Poor,1989.0
R393,Road_393,4.0,Asphalt,Good,
R394,Road_394,7.9,Dirt,Good,2007.0
R395,Road_395,3.7,Asphalt,Good,2014.0
R396,Road_396,9.3,Asphalt,nan,2022.0
R397,Road_397,,Asphalt,nan,2010.0
R398,Road_398,4.6,Gravel,Fair,2006.0
R399,Road_399,7.6,Dirt,Good,1990.0
R400,Road_400,7.7,Dirt,Good,2017.0
R401,Road_401,1.5,Gravel,Good,1984.0
R402,Road_402,9.1,Dirt,Fair,1987.0
R403,Road_403,5.3,Asphalt,Good,2013.0
R404,Road_404,8.4,Dirt,Good,1991.0
R405,Road_405,3.5,Asphalt,nan,2017.0
nan,Road_406,9.0,nan,Poor,1980.0
R407,Road_407,4.2,Asphalt,Good,2010.0
R408,Road_408,0.6,Dirt,Poor,1983.0
R409,Road_409,,Dirt,Poor,1984.0
R410,Road_410,1.4,nan,Good,2009.0
R411,Road_411,3.5,Gravel,Poor,2003.0
R412,Road_412,9.5,Gravel,Good,1982.0
R413,Road_413,9.5,Dirt,Fair,1990.0
nan,Road_414,5.9,Asphalt,Fair,1983.0
R415,Road_415,6.5,Gravel,Fair,2005.0
R416,Road_416,4.8,Dirt,Fair,2006.0
nan,nan,3.3,Dirt,Poor,2022.0
R418,Road_418,3.6,nan,Good,2006.0
nan,Road_419,6.9,Gravel,Good,2021.0
R420,Road_420,7.6,Gravel,Good,1985.0
R421,Road_421,8.0,Asphalt,Fair,1994.0
R422,Road_422,8.0,nan,Fair,2009.0
nan,Road_423,1.4,Dirt,Good,2021.0
R424,Road_424,,nan,Fair,2016.0
R425,Road_425,1.0,Asphalt,Good,2016.0
R426,Road_426,5.7,nan,nan,2021.0
nan,Road_427,4.7,Dirt,Good,
R428,Road_428,8.9,Asphalt,nan,2014.0
R429,Road_429,3.8,Asphalt,Good,2002.0
R430,Road_430,1.6,Asphalt,nan,1985.0
nan,Road_431,1.9,Dirt,Good,1983.0
R432,Road_432,7.7,Gravel,Fair,
R433,Road_433,,Asphalt,Good,1988.0
R434,Road_434,1.5,Dirt,Good,2008.0
nan,Road_435,1.3,Gravel,Fair,1992.0
R436,nan,7.2,Dirt,Fair,1996.0
R437,Road_437,1.2,Gravel,Fair,2011.0
R438,Road_438,8.3,Dirt,Good,2001.0
R439,Road_439,7.2,nan,nan,1983.0
R440,Road_440,,Asphalt,Poor,1984.0
R441,Road_441,1.3,Gravel,Fair,2016.0
R442,nan,9.9,Dirt,Poor,2020.0
R443,Road_443,4.1,Dirt,Fair,1992.0
R444,Road_444,4.0,nan,Good,2013.0
R445,Road_445,8.2,Asphalt,Poor,2001.0
R446,Road_446,9.5,Asphalt,Good,2002.0
R447,Road_447,9.9,Gravel,Poor,1982.0
R448,nan,,Gravel,Good,2021.0
R449,Road_449,4.1,Dirt,Poor,2013.0
nan,nan,1.3,Asphalt,Good,2011.0
R451,Road_451,7.9,Gravel,Good,
nan,nan,5.8,Asphalt,Poor,2000.0
R453,nan,4.5,nan,Good,1990.0
nan,Road_454,9.1,Gravel,Good,2018.0
R455,Road_455,,Asphalt,Good,1983.0
R456,Road_456,5.2,Gravel,Poor,1980.0
R457,Road_457,0.6,Gravel,Poor,2007.0
R458,nan,5.0,Dirt,Good,2003.0
R459,Road_459,1.0,Gravel,Good,
R460,Road_460,1.6,Gravel,Poor,1992.0
R461,Road_461,1.6,Gravel,Poor,2013.0
R462,Road_462,6.7,Dirt,Good,1990.0
R463,Road_463,7.6,Asphalt,Good,2015.0
R464,Road_464,6.0,Dirt,Good,1996.0
R465,nan,9.6,Dirt,Fair,2014.0
R466,Road_466,4.1,Asphalt,Poor,1997.0
R467,Road_467,,Dirt,Fair,2019.0
R468,Road_468,8.8,Asphalt,Poor,2001.0
R469,Road_469,2.6,Dirt,Poor,
R470,Road_470,9.7,Asphalt,nan,
R471,Road_471,0.6,Gravel,Poor,2016.0
R472,Road_472,9.7,Dirt,Poor,2018.0
R473,Road_473,0.9,Dirt,Poor,2000.0
R474,Road_474,,Dirt,Poor,
nan,Road_475,5.5,Dirt,Fair,2007.0
R476,Road_476,9.9,Gravel,Good,1984.0
R477,Road_477,1.2,Dirt,Good,1996.0
R478,Road_478,5.8,Gravel,Fair,2016.0
R479,Road_479,9.7,Gravel,nan,2015.0
nan,Road_480,5.5,Gravel,Fair,1998.0
R481,nan,6.5,Gravel,Fair,2006.0
R482,Road_482,7.1,Asphalt,Poor,2013.0
R483,Road_483,4.8,Asphalt,Good,1990.0
R484,Road_484,6.5,nan,nan,1991.0
R485,Road_485,6.1,Asphalt,Good,2000.0
R486,Road_486,9.1,Asphalt,Good,1990.0
R487,Road_487,0.9,nan,Fair,2018.0
R488,nan,3.2,Dirt,Poor,2007.0
nan,Road_489,9.5,Dirt,Fair,1984.0
R490,Road_490,9.0,Asphalt,Poor,
R491,Road_491,,Asphalt,Good,1999.0
R492,Road_492,6.4,Dirt,Fair,2020.0
R493,Road_493,3.1,Gravel,Fair,1991.0
nan,Road_494,2.3,Dirt,nan,
R495,Road_495,4.9,Gravel,Good,1996.0
R496,nan,3.9,Gravel,Good,1998.0
R497,nan,6.0,Dirt,Fair,2005.0
R498,Road_498,1.2,Dirt,Poor,2011.0
R499,Road_499,9.8,Dirt,Fair,
R500,Road_500,,Asphalt,Poor,2015.0
nan,Road_501,7.1,Gravel,Fair,
R502,Road_502,,Asphalt,Fair,1990.0
nan,Road_503,3.4,Asphalt,Good,2012.0
R504,Road_504,8.2,Dirt,Poor,2003.0
R505,Road_505,7.0,Asphalt,Fair,2002.0
R506,nan,2.0,Dirt,nan,1994.0
R507,Road_507,9.2,Gravel,Good,2006.0
nan,Road_508,8.3,Dirt,Good,1990.0
R509,nan,9.5,Asphalt,Poor,1996.0
nan,Road_510,7.4,Asphalt,Fair,1993.0
R511,Road_511,6.3,Dirt,Poor,2006.0
R512,Road_512,4.5,Dirt,Fair,1997.0
R513,Road_513,9.4,Asphalt,Poor,2007.0
R514,Road_514,8.7,nan,Good,1983.0
R515,Road_515,0.9,Gravel,Fair,1986.0
R516,Road_516,0.8,nan,Poor,2014.0
R517,nan,4.1,Gravel,Good,1988.0
nan,Road_518,8.2,Asphalt,nan,
R519,Road_519,9.9,Dirt,nan,1996.0
nan,Road_520,1.9,Asphalt,Fair,1996.0
R521,Road_521,6.1,Asphalt,Fair,2012.0
R522,Road_522,4.1,Gravel,Good,2011.0
R523,Road_523,9.7,Dirt,Fair,1987.0
R524,nan,8.5,Dirt,Fair,1998.0
R525,Road_525,8.5,Gravel,Fair,2017.0
R526,Road_526,,Asphalt,Good,1982.0
R527,Road_527,4.4,Asphalt,Poor,1984.0
R528,Road_528,3.1,Asphalt,Fair,1992.0
R529,nan,1.0,Asphalt,Good,2010.0
R530,Road_530,8.7,nan,Good,
R531,Road_531,8.2,Dirt,Poor,2011.0
R532,Road_532,10.0,nan,Fair,2001.0
R533,Road_533,10.0,Gravel,Fair,2008.0
R534,Road_534,5.8,nan,Poor,2001.0
nan,Road_535,7.8,Dirt,Poor,2022.0
R536,Road_536,9.5,Asphalt,nan,1982.0
R537,Road_537,,Asphalt,Good,1989.0
R538,Road_538,2.8,Gravel,nan,2021.0
R539,Road_539,4.8,Dirt,Fair,2000.0
R540,nan,1.7,Gravel,Good,1995.0
R541,nan,9.6,Dirt,Good,1991.0
R542,Road_542,6.3,Asphalt,Fair,1981.0
R543,nan,2.7,Gravel,Good,2020.0
R544,Road_544,6.9,Gravel,Fair,2003.0
R545,Road_545,6.4,Dirt,Fair,2014.0
R546,Road_546,3.9,nan,Fair,2009.0
R547,Road_547,1.6,Gravel,Poor,
R548,nan,6.9,Asphalt,Poor,2014.0
R549,Road_549,5.4,Gravel,Poor,1998.0
R550,Road_550,7.8,Asphalt,Fair,1987.0
R551,Road_551,5.4,Dirt,Fair,2005.0
R552,Road_552,8.6,Gravel,Poor,2019.0
R553,Road_553,5.7,Gravel,Good,1986.0
R554,Road_554,5.8,Asphalt,nan,
R555,Road_555,8.8,Asphalt,nan,1986.0
R556,Road_556,4.3,Gravel,nan,1982.0
R557,Road_557,1.8,Dirt,Fair,1980.0
nan,Road_558,0.8,Asphalt,Fair,2015.0
R559,Road_559,7.7,Asphalt,Good,2004.0
R560,Road_560,6.4,Asphalt,Good,2016.0
R561,Road_561,7.2,Gravel,Poor,1980.0
nan,Road_562,2.5,Gravel,Poor,1994.0
R563,Road_563,1.8,Gravel,Fair,2016.0
nan,nan,0.6,Gravel,Poor,1992.0
R565,Road_565,3.8,nan,Poor,2019.0
R566,Road_566,6.1,Dirt,Poor,1987.0
R567,Road_567,4.2,Gravel,Poor,1984.0
R568,nan,4.7,Dirt,Good,1988.0
R569,Road_569,9.1,Asphalt,Fair,1980.0
R570,Road_570,3.8,Asphalt,Poor,2015.0
R571,nan,5.4,Asphalt,Good,2014.0
R572,Road_572,,Gravel,Good,1981.0
R573,Road_573,4.3,Asphalt,Good,2019.0
R574,Road_574,6.4,Dirt,Poor,2002.0
nan,Road_575,8.7,nan,nan,
R576,Road_576,9.5,Dirt,Fair,2013.0
R577,Road_577,1.9,Asphalt,Poor,1993.0
R578,Road_578,9.3,nan,Poor,1983.0
nan,Road_579,5.2,Asphalt,Good,2009.0
R580,nan,3.0,Gravel,Fair,
R581,Road_581,4.9,Dirt,Poor,
R582,Road_582,9.8,Gravel,Poor,1990.0
nan,Road_583,5.2,Gravel,Good,2014.0
R584,Road_584,3.6,Asphalt,Good,1987.0
R585,Road_585,6.5,Gravel,Poor,1982.0
R586,Road_586,2.8,Gravel,Fair,1993.0
R587,Road_587,1.2,Asphalt,Fair,
R588,nan,1.7,Gravel,Good,2011.0
R589,Road_589,1.7,Asphalt,Good,2013.0
R590,Road_590,1.9,nan,Poor,1998.0
R591,Road_591,1.8,Asphalt,nan,2017.0
R592,Road_592,6.6,Asphalt,Poor,1995.0
nan,Road_593,2.2,Gravel,Fair,1981.0
R594,Road_594,3.8,Asphalt,Fair,2019.0
R595,Road_595,,Asphalt,Poor,1996.0
R596,Road_596,5.0,Gravel,Good,2013.0
R597,Road_597,6.8,Gravel,Fair,2021.0
R598,Road_598,2.1,Dirt,Good,1995.0
R599,nan,2.3,Gravel,Fair,2017.0
R600,Road_600,0.9,Gravel,Poor,1981.0
R601,nan,,Dirt,Poor,1981.0
R602,Road_602,3.1,Gravel,Poor,2005.0
R603,Road_603,2.2,Gravel,Fair,1992.0
R604,Road_604,1.3,Gravel,Good,2010.0
R605,Road_605,,Gravel,Good,2013.0
R606,Road_606,4.9,Dirt,Good,2018.0
R607,nan,2.5,Gravel,Fair,1982.0
R608,Road_608,4.0,Gravel,Fair,1987.0
R609,Road_609,5.3,Dirt,Fair,2002.0
R610,Road_610,,Asphalt,Fair,1993.0
R611,Road_611,0.9,nan,nan,2006.0
nan,Road_612,8.1,Asphalt,Good,2008.0
R613,Road_613,6.5,Dirt,nan,2018.0
R614,Road_614,1.3,Dirt,Fair,2018.0
R615,Road_615,8.8,Gravel,Good,1980.0
R616,Road_616,9.2,Asphalt,Fair,1996.0
R617,nan,1.1,Gravel,Good,2020.0
R618,Road_618,3.1,nan,Good,2009.0
R619,Road_619,8.2,Dirt,Poor,1992.0
R620,Road_620,7.6,Dirt,Poor,2000.0
nan,Road_621,2.3,Asphalt,Poor,1998.0
R622,Road_622,2.5,Gravel,Poor,1998.0
R623,Road_623,4.0,Gravel,Fair,2004.0
R624,Road_624,5.1,Gravel,Poor,2001.0
nan,Road_625,6.4,Gravel,Good,
R626,Road_626,4.0,Dirt,Fair,1996.0
R627,Road_627,4.9,Dirt,Poor,
R628,Road_628,7.6,Dirt,Good,2011.0
R629,Road_629,0.8,Dirt,Fair,1989.0
R630,Road_630,2.9,Dirt,Fair,1989.0
R631,nan,7.3,Gravel,Poor,2015.0
R632,Road_632,9.0,Gravel,Fair,1987.0
R633,Road_633,5.4,Gravel,Good,1999.0
R634,Road_634,,Gravel,nan,2011.0
R635,Road_635,1.5,Dirt,Good,1993.0
R636,Road_636,4.8,Dirt,Fair,2007.0
R637,Road_637,5.6,Dirt,Poor,2003.0
nan,Road_638,2.8,Asphalt,Good,1994.0
R639,Road_639,3.1,Gravel,Fair,2001.0
R640,Road_640,4.1,Gravel,Fair,
nan,Road_641,,Dirt,Fair,
R642,Road_642,3.6,Gravel,Good,1992.0
R643,Road_643,2.5,Gravel,nan,2002.0
R644,Road_644,3.6,Dirt,Good,1987.0
R645,Road_645,1.6,nan,nan,1997.0
R646,Road_646,9.0,Asphalt,Poor,1991.0
R647,Road_647,,Asphalt,Good,2010.0
R648,Road_648,7.0,Dirt,Fair,1993.0
R649,Road_649,8.0,Gravel,nan,2013.0
R650,nan,5.2,Dirt,Good,
R651,Road_651,1.3,Dirt,Fair,2013.0
R652,Road_652,5.6,Gravel,Poor,1990.0
R653,Road_653,,Asphalt,Fair,2020.0
R654,Road_654,7.6,Asphalt,Fair,1991.0
nan,nan,4.6,Dirt,Fair,1994.0
R656,Road_656,,Asphalt,nan,
R657,Road_657,3.2,Dirt,Poor,2008.0
R658,Road_658,3.9,Dirt,Poor,2005.0
R659,Road_659,6.6,Gravel,Poor,1997.0
R660,Road_660,5.9,Gravel,Good,2011.0
R661,Road_661,3.9,nan,Poor,2001.0
R662,Road_662,9.9,Dirt,Fair,2017.0
R663,Road_663,6.3,Gravel,nan,1996.0
R664,Road_664,,Asphalt,Fair,2002.0
R665,nan,1.5,Asphalt,Good,2003.0
R666,Road_666,2.0,Dirt,Fair,1987.0
R667,Road_667,2.8,Dirt,nan,2020.0
R668,Road_668,2.0,Gravel,Fair,1985.0
R669,Road_669,2.3,Dirt,Good,1984.0
R670,Road_670,3.2,Dirt,Poor,2008.0
R671,Road_671,2.1,Asphalt,nan,
R672,nan,9.0,Asphalt,Good,1990.0
R673,Road_673,1.3,Gravel,nan,1980.0
R674,Road_674,5.5,Dirt,Poor,2022.0
R675,Road_675,4.4,Dirt,Good,1998.0
R676,Road_676,9.8,Asphalt,Poor,1988.0
R677,Road_677,1.6,Dirt,Good,2006.0
R678,Road_678,,Asphalt,Fair,2013.0
nan,Road_679,9.7,Gravel,Poor,1983.0
R680,Road_680,8.7,Asphalt,Good,2015.0
R681,Road_681,8.3,Dirt,nan,1997.0
R682,Road_682,3.0,Gravel,nan,
R683,nan,2.1,Asphalt,Poor,1992.0
R684,Road_684,6.9,Asphalt,Poor,1998.0
R685,Road_685,9.3,Gravel,Good,
R686,Road_686,5.8,Gravel,Fair,1991.0
R687,Road_687,5.9,Asphalt,Good,2016.0
R688,Road_688,3.2,nan,Good,1996.0
R689,Road_689,7.8,nan,Good,2002.0
R690,nan,,Gravel,Fair,2005.0
nan,Road_691,,Asphalt,Poor,2008.0
R692,nan,,Gravel,Poor,2012.0
nan,Road_693,5.3,Gravel,Poor,2006.0
R694,Road_694,2.8,Dirt,Fair,2004.0
R695,nan,,Gravel,Poor,1989.0
R696,Road_696,,Gravel,Fair,
R697,Road_697,3.2,nan,Poor,2000.0
R698,nan,6.0,Gravel,Poor,2000.0
R699,Road_699,,Dirt,Good,2022.0
R700,Road_700,5.1,Dirt,Fair,1992.0
R701,Road_701,5.6,Gravel,Good,2016.0
R702,Road_702,1.0,nan,Good,2012.0
R703,Road_703,3.7,Asphalt,Good,2003.0
nan,Road_704,1.8,nan,Fair,1990.0
R705,Road_705,1.1,Asphalt,Fair,1996.0
R706,Road_706,9.9,Gravel,Poor,1983.0
R707,Road_707,3.6,Asphalt,Good,2004.0
R708,Road_708,8.2,Dirt,Poor,
R709,Road_709,2.9,Asphalt,Good,1988.0
R710,Road_710,7.0,Dirt,nan,2000.0
R711,Road_711,7.7,Gravel,nan,1999.0
R712,Road_712,6.2,Gravel,Fair,1998.0
nan,Road_713,5.0,Dirt,nan,1998.0
R714,Road_714,4.4,Gravel,Fair,1991.0
R715,Road_715,3.8,Gravel,Good,2016.0
R716,Road_716,9.3,Gravel,Poor,2021.0
R717,Road_717,8.4,Gravel,nan,1996.0
R718,Road_718,9.7,Dirt,Poor,2016.0
nan,Road_719,1.7,Asphalt,Good,2018.0
R720,Road_720,7.4,Asphalt,Poor,2007.0
R721,Road_721,9.4,Gravel,Fair,2020.0
R722,Road_722,2.2,nan,Poor,2014.0
nan,nan,1.1,nan,Fair,1997.0
R724,Road_724,7.5,Gravel,Fair,1993.0
R725,Road_725,6.0,Gravel,nan,2014.0
R726,Road_726,8.5,nan,Good,2020.0
R727,nan,1.8,Dirt,Good,1986.0
R728,Road_728,8.1,Gravel,Good,2020.0
R729,Road_729,2.4,nan,Good,1992.0
R730,Road_730,2.1,Asphalt,Good,1997.0
R731,Road_731,2.1,Gravel,Fair,2016.0
R732,Road_732,8.2,Dirt,Good,1992.0
R733,Road_733,,Gravel,Fair,2015.0
R734,Road_734,5.5,Asphalt,Fair,2010.0
R735,Road_735,3.9,Dirt,Fair,1981.0
R736,Road_736,,Asphalt,Poor,1995.0
R737,Road_737,4.2,Asphalt,Poor,1988.0
R738,Road_738,8.3,Gravel,nan,1988.0
R739,Road_739,4.7,Dirt,Poor,2017.0
R740,Road_740,4.1,Asphalt,Good,
R741,Road_741,4.9,Asphalt,Good,2001.0
R742,Road_742,3.4,Dirt,nan,2012.0
R743,Road_743,7.6,Asphalt,Good,2015.0
R744,Road_744,5.3,Asphalt,Fair,2002.0
R745,Road_745,2.7,nan,Fair,2013.0
R746,Road_746,9.0,Dirt,Good,1988.0
R747,nan,4.1,nan,Poor,2003.0
R748,Road_748,5.7,Dirt,nan,1987.0
R749,Road_749,9.1,nan,Good,1986.0
R750,nan,6.4,Dirt,Fair,
R751,Road_751,1.6,nan,Fair,
R752,Road_752,9.4,Gravel,Fair,1982.0
nan,Road_753,6.5,Gravel,Fair,2007.0
R754,Road_754,3.7,Asphalt,Poor,1985.0
R755,nan,,nan,nan,2000.0
nan,Road_756,,Gravel,Poor,2007.0
R757,Road_757,6.4,Asphalt,nan,2019.0
R758,Road_758,,Asphalt,Fair,1980.0
R759,Road_759,9.0,Asphalt,Fair,2015.0
R760,Road_760,8.0,Dirt,Poor,2000.0
R761,Road_761,1.9,Asphalt,Fair,2022.0
R762,Road_762,3.5,Asphalt,Good,2014.0
nan,Road_763,2.9,Gravel,Good,
R764,Road_764,,Asphalt,Fair,1989.0
R765,Road_765,0.8,Dirt,Good,1989.0
R766,Road_766,,Asphalt,Good,1992.0
R767,nan,7.7,Dirt,Poor,2016.0
R768,Road_768,8.8,Asphalt,Fair,2017.0
R769,Road_769,3.7,Asphalt,Fair,2003.0
R770,Road_770,,Asphalt,Poor,1981.0
nan,Road_771,1.6,Asphalt,Good,2001.0
R772,Road_772,8.5,nan,nan,1996.0
R773,Road_773,1.7,Dirt,Fair,2015.0
R774,Road_774,4.3,Gravel,Good,1993.0
R775,nan,8.1,Dirt,Poor,1989.0
R776,Road_776,,Asphalt,Poor,2014.0
R777,Road_777,2.7,Gravel,Fair,2004.0
R778,Road_778,7.4,Gravel,Poor,1982.0
R779,Road_779,7.3,Gravel,Poor,2017.0
R780,Road_780,6.6,Asphalt,nan,1996.0
R781,Road_781,7.1,Dirt,Poor,
nan,Road_782,5.7,Asphalt,Poor,2003.0
R783,Road_783,2.9,Gravel,Poor,2008.0
R784,Road_784,3.8,Asphalt,Good,2022.0
R785,Road_785,,Asphalt,Fair,2004.0
R786,Road_786,,Dirt,nan,2015.0
R787,Road_787,6.0,Dirt,Fair,2005.0
R788,Road_788,,Gravel,Good,2017.0
R789,Road_789,4.9,Asphalt,Good,1980.0
R790,Road_790,9.5,Asphalt,Fair,
R791,Road_791,2.0,Dirt,Good,2007.0
R792,Road_792,6.1,Asphalt,Fair,1995.0
R793,Road_793,5.3,Asphalt,Good,1996.0
R794,Road_794,6.3,Asphalt,Poor,
R795,nan,0.7,Dirt,nan,2007.0
R796,Road_796,8.8,Gravel,Fair,1991.0
R797,Road_797,9.4,Gravel,Good,2006.0
R798,Road_798,5.9,Asphalt,Good,2021.0
R799,Road_799,7.1,Gravel,Poor,2009.0
R800,Road_800,9.3,Dirt,Poor,2020.0
R801,Road_801,7.2,Dirt,Good,2013.0
R802,Road_802,1.9,Gravel,Good,2016.0
R803,Road_803,6.0,Gravel,Good,1985.0
R804,Road_804,6.3,Asphalt,Good,1986.0
R805,Road_805,4.5,Gravel,Good,2011.0
R806,Road_806,7.5,Asphalt,Good,2011.0
R807,Road_807,9.4,nan,Fair,
R808,Road_808,,Dirt,Good,2012.0
R809,Road_809,4.8,Dirt,Poor,1986.0
R810,Road_810,1.6,nan,Fair,1991.0
nan,Road_811,9.9,Dirt,Good,1995.0
R812,Road_812,,Gravel,Poor,1995.0
R813,Road_813,1.7,Dirt,Fair,2022.0
R814,Road_814,9.2,Gravel,Poor,2015.0
R815,Road_815,,Dirt,Good,1992.0
R816,Road_816,5.4,nan,Good,1986.0
R817,Road_817,6.1,Asphalt,Good,2015.0
R818,Road_818,,Gravel,Good,1988.0
R819,Road_819,1.0,Gravel,Fair,2011.0
R820,Road_820,3.7,nan,Fair,1990.0
nan,Road_821,,Gravel,Poor,1987.0
R822,Road_822,0.5,Asphalt,Good,2012.0
R823,Road_823,3.7,Asphalt,Poor,2002.0
R824,Road_824,4.3,Dirt,Fair,2004.0
R825,Road_825,5.6,Asphalt,Good,1987.0
nan,Road_826,9.2,Gravel,Good,2001.0
R827,Road_827,3.8,Asphalt,Fair,1983.0
R828,Road_828,3.8,Dirt,Fair,
R829,Road_829,7.5,Gravel,Fair,1982.0
R830,Road_830,,Dirt,Fair,2008.0
R831,Road_831,2.6,Gravel,Fair,
R832,Road_832,4.8,Asphalt,Good,
R833,Road_833,1.8,Dirt,Fair,2013.0
R834,Road_834,2.2,Dirt,Good,2013.0
R835,Road_835,5.2,Gravel,Good,
R836,Road_836,4.5,Dirt,Fair,
R837,Road_837,9.2,Gravel,Fair,1994.0
R838,Road_838,3.9,Gravel,Good,2002.0
R839,Road_839,6.0,Gravel,Fair,2005.0
R840,Road_840,6.5,Gravel,Fair,1983.0
R841,Road_841,0.6,Asphalt,Fair,2005.0
R842,Road_842,6.8,Gravel,nan,2019.0
R843,Road_843,2.2,Dirt,nan,1988.0
R844,Road_844,,Asphalt,Poor,1984.0
R845,Road_845,1.9,Dirt,Fair,2011.0
R846,Road_846,4.4,Asphalt,Poor,1999.0
R847,Road_847,1.3,Gravel,Fair,1990.0
nan,Road_848,10.0,nan,Poor,1994.0
R849,Road_849,5.3,Asphalt,Fair,2011.0
R850,Road_850,6.2,Dirt,Poor,2007.0
R851,nan,,Dirt,Poor,2001.0
R852,Road_852,7.6,Gravel,nan,2020.0
R853,nan,2.5,Asphalt,Good,1996.0
R854,Road_854,9.0,Asphalt,Poor,
R855,nan,,Asphalt,Good,1986.0
R856,Road_856,2.3,Gravel,Fair,2021.0
R857,Road_857,0.8,nan,Poor,2005.0
R858,Road_858,5.0,Gravel,Fair,
R859,Road_859,5.9,Gravel,nan,1989.0
R860,Road_860,1.1,Gravel,Poor,1998.0
R861,Road_861,7.9,Dirt,Good,1990.0
R862,nan,4.8,Asphalt,Poor,
R863,nan,5.5,Asphalt,Fair,1987.0
nan,Road_864,4.7,Asphalt,nan,2019.0
R865,Road_865,4.3,Asphalt,Poor,
R866,nan,,Asphalt,Good,2010.0
R867,Road_867,2.0,Asphalt,Good,2007.0
R868,Road_868,2.2,Asphalt,Fair,1990.0
R869,Road_869,8.7,Asphalt,Fair,2022.0
R870,Road_870,9.5,Dirt,Good,1980.0
R871,nan,4.0,nan,Poor,2017.0
nan,Road_872,3.1,Dirt,Fair,
R873,Road_873,6.6,Gravel,Good,2010.0
R874,Road_874,4.4,Asphalt,Fair,2020.0
R875,Road_875,0.7,Gravel,Poor,2005.0
nan,nan,2.0,Gravel,Good,
R877,Road_877,7.3,Gravel,Fair,1999.0
R878,Road_878,6.8,Dirt,nan,2020.0
R879,Road_879,0.8,Gravel,Fair,1990.0
R880,Road_880,2.6,Gravel,Poor,2012.0
R881,Road_881,2.7,Gravel,Poor,
R882,Road_882,6.9,Asphalt,Good,2006.0
R883,Road_883,0.7,Asphalt,Poor,2013.0
R884,Road_884,1.5,Dirt,Fair,1994.0
R885,nan,8.1,nan,Poor,2011.0
nan,Road_886,2.2,Asphalt,Poor,2000.0
R887,Road_887,6.7,Dirt,Good,1984.0
R888,Road_888,2.8,Asphalt,Poor,1985.0
R889,Road_889,1.4,Gravel,Poor,2017.0
R890,nan,2.8,Gravel,Fair,2001.0
R891,Road_891,7.4,Dirt,Good,1997.0
R892,Road_892,,Asphalt,Good,1993.0
R893,Road_893,,Asphalt,Good,1989.0
R894,Road_894,4.3,Dirt,Poor,1992.0
R895,Road_895,6.8,Asphalt,Good,2010.0
R896,Road_896,2.4,Gravel,Poor,2009.0
R897,Road_897,3.3,Dirt,Poor,1982.0
R898,Road_898,9.0,Dirt,Fair,
R899,Road_899,0.6,Asphalt,Fair,1985.0
nan,Road_900,1.3,Dirt,Fair,2008.0
